naslov,leto,oskar,stevilo
Oppenheimer,2023,FALSE,6
Oppenheimer,2023,TRUE,7
Poor Things,2023,FALSE,7
Poor Things,2023,TRUE,4
The Zone of Interest,2023,FALSE,3
The Zone of Interest,2023,TRUE,2
American Fiction,2023,FALSE,4
American Fiction,2023,TRUE,1
Anatomy of a Fall,2023,FALSE,4
Anatomy of a Fall,2023,TRUE,1
Barbie,2023,FALSE,7
Barbie,2023,TRUE,1
The Boy and the Heron,2023,FALSE,0
The Boy and the Heron,2023,TRUE,1
Godzilla Minus One,2023,FALSE,0
Godzilla Minus One,2023,TRUE,1
The Holdovers,2023,FALSE,4
The Holdovers,2023,TRUE,1
The Last Repair Shop,2023,FALSE,0
The Last Repair Shop,2023,TRUE,1
20 Days in Mariupol,2023,FALSE,0
20 Days in Mariupol,2023,TRUE,1
War Is Over! Inspired by the Music of John and Yoko,2023,FALSE,0
War Is Over! Inspired by the Music of John and Yoko,2023,TRUE,1
The Wonderful Story of Henry Sugar,2023,FALSE,0
The Wonderful Story of Henry Sugar,2023,TRUE,1
Everything Everywhere All at Once,2022,FALSE,4
Everything Everywhere All at Once,2022,TRUE,7
All Quiet on the Western Front,2022,FALSE,5
All Quiet on the Western Front,2022,TRUE,4
The Whale,2022,FALSE,1
The Whale,2022,TRUE,2
Top Gun: Maverick,2022,FALSE,5
Top Gun: Maverick,2022,TRUE,1
Black Panther: Wakanda Forever,2022,FALSE,4
Black Panther: Wakanda Forever,2022,TRUE,1
Avatar: The Way of Water,2022,FALSE,3
Avatar: The Way of Water,2022,TRUE,1
Women Talking,2022,FALSE,1
Women Talking,2022,TRUE,1
Guillermo del Toro's Pinocchio,2022,FALSE,0
Guillermo del Toro's Pinocchio,2022,TRUE,1
Navalny,2022,FALSE,0
Navalny,2022,TRUE,1
The Elephant Whisperers,2022,FALSE,0
The Elephant Whisperers,2022,TRUE,1
An Irish Goodbye,2022,FALSE,0
An Irish Goodbye,2022,TRUE,1
"The Boy, the Mole, the Fox and the Horse",2022,FALSE,0
"The Boy, the Mole, the Fox and the Horse",2022,TRUE,1
RRR,2022,FALSE,0
RRR,2022,TRUE,1
CODA,2021,FALSE,0
CODA,2021,TRUE,3
Dune,2021,FALSE,4
Dune,2021,TRUE,6
The Eyes of Tammy Faye,2021,FALSE,0
The Eyes of Tammy Faye,2021,TRUE,2
No Time to Die,2021,FALSE,2
No Time to Die,2021,TRUE,1
The Windshield Wiper,2021,FALSE,0
The Windshield Wiper,2021,TRUE,1
The Long Goodbye,2021,FALSE,0
The Long Goodbye,2021,TRUE,1
The Queen of Basketball,2021,FALSE,0
The Queen of Basketball,2021,TRUE,1
Summer of Soul,2021,FALSE,0
Summer of Soul,2021,TRUE,1
Drive My Car,2021,FALSE,3
Drive My Car,2021,TRUE,1
Encanto,2021,FALSE,2
Encanto,2021,TRUE,1
West Side Story,2021,FALSE,6
West Side Story,2021,TRUE,1
Belfast,2021,FALSE,6
Belfast,2021,TRUE,1
The Power of the Dog,2021,FALSE,11
The Power of the Dog,2021,TRUE,1
King Richard,2021,FALSE,5
King Richard,2021,TRUE,1
Cruella,2021,FALSE,1
Cruella,2021,TRUE,1
Nomadland,2020,FALSE,3
Nomadland,2020,TRUE,3
The Father,2020,FALSE,4
The Father,2020,TRUE,2
Judas and the Black Messiah,2020,FALSE,4
Judas and the Black Messiah,2020,TRUE,2
Minari,2020,FALSE,5
Minari,2020,TRUE,1
Mank,2020,FALSE,8
Mank,2020,TRUE,2
Sound of Metal,2020,FALSE,4
Sound of Metal,2020,TRUE,2
Ma Rainey's Black Bottom,2020,FALSE,3
Ma Rainey's Black Bottom,2020,TRUE,2
Promising Young Woman,2020,FALSE,4
Promising Young Woman,2020,TRUE,1
Tenet,2020,FALSE,1
Tenet,2020,TRUE,1
Soul,2020,FALSE,1
Soul,2020,TRUE,2
Another Round,2020,FALSE,1
Another Round,2020,TRUE,1
My Octopus Teacher,2020,FALSE,0
My Octopus Teacher,2020,TRUE,1
Colette,2020,FALSE,0
Colette,2020,TRUE,1
If Anything Happens I Love You,2020,FALSE,0
If Anything Happens I Love You,2020,TRUE,1
Two Distant Strangers,2020,FALSE,0
Two Distant Strangers,2020,TRUE,1
Parasite,2019,FALSE,2
Parasite,2019,TRUE,4
Ford v Ferrari,2019,FALSE,2
Ford v Ferrari,2019,TRUE,2
Learning to Skateboard in a Warzone (If You're a Girl),2019,FALSE,0
Learning to Skateboard in a Warzone (If You're a Girl),2019,TRUE,1
The Neighbors' Window,2019,FALSE,0
The Neighbors' Window,2019,TRUE,1
Little Women,2019,FALSE,5
Little Women,2019,TRUE,1
Marriage Story,2019,FALSE,5
Marriage Story,2019,TRUE,1
Jojo Rabbit,2019,FALSE,5
Jojo Rabbit,2019,TRUE,1
Toy Story 4,2019,FALSE,1
Toy Story 4,2019,TRUE,1
Joker,2019,FALSE,9
Joker,2019,TRUE,2
Once Upon a Time in Hollywood,2019,FALSE,8
Once Upon a Time in Hollywood,2019,TRUE,2
1917,2019,FALSE,7
1917,2019,TRUE,3
Judy,2019,FALSE,1
Judy,2019,TRUE,1
Bombshell,2019,FALSE,2
Bombshell,2019,TRUE,1
Rocketman,2019,FALSE,0
Rocketman,2019,TRUE,1
American Factory,2019,FALSE,0
American Factory,2019,TRUE,1
Hair Love,2019,FALSE,0
Hair Love,2019,TRUE,1
Green Book,2018,FALSE,2
Green Book,2018,TRUE,3
Bohemian Rhapsody,2018,FALSE,1
Bohemian Rhapsody,2018,TRUE,4
Roma,2018,FALSE,7
Roma,2018,TRUE,3
Black Panther,2018,FALSE,4
Black Panther,2018,TRUE,3
The Favourite,2018,FALSE,9
The Favourite,2018,TRUE,1
A Star Is Born,2018,FALSE,7
A Star Is Born,2018,TRUE,1
Vice,2018,FALSE,7
Vice,2018,TRUE,1
BlacKkKlansman,2018,FALSE,5
BlacKkKlansman,2018,TRUE,1
First Man,2018,FALSE,3
First Man,2018,TRUE,1
If Beale Street Could Talk,2018,FALSE,2
If Beale Street Could Talk,2018,TRUE,1
Bao,2018,FALSE,0
Bao,2018,TRUE,1
Free Solo,2018,FALSE,0
Free Solo,2018,TRUE,1
Period. End of Sentence.,2018,FALSE,0
Period. End of Sentence.,2018,TRUE,1
Skin,2018,FALSE,0
Skin,2018,TRUE,1
Spider-Man: Into the Spider-Verse,2018,FALSE,0
Spider-Man: Into the Spider-Verse,2018,TRUE,1
The Shape of Water,2017,FALSE,9
The Shape of Water,2017,TRUE,4
Dunkirk,2017,FALSE,5
Dunkirk,2017,TRUE,3
"Three Billboards Outside Ebbing, Missouri",2017,FALSE,5
"Three Billboards Outside Ebbing, Missouri",2017,TRUE,2
Darkest Hour,2017,FALSE,4
Darkest Hour,2017,TRUE,2
Blade Runner 2049,2017,FALSE,3
Blade Runner 2049,2017,TRUE,2
Coco,2017,FALSE,0
Coco,2017,TRUE,2
Phantom Thread,2017,FALSE,5
Phantom Thread,2017,TRUE,1
Call Me by Your Name,2017,FALSE,3
Call Me by Your Name,2017,TRUE,1
Get Out,2017,FALSE,3
Get Out,2017,TRUE,1
"I, Tonya",2017,FALSE,2
"I, Tonya",2017,TRUE,1
Dear Basketball,2017,FALSE,0
Dear Basketball,2017,TRUE,1
A Fantastic Woman,2017,FALSE,0
A Fantastic Woman,2017,TRUE,1
Heaven Is a Traffic Jam on the 405,2017,FALSE,0
Heaven Is a Traffic Jam on the 405,2017,TRUE,1
Icarus,2017,FALSE,0
Icarus,2017,TRUE,1
The Silent Child,2017,FALSE,0
The Silent Child,2017,TRUE,1
Moonlight,2016,FALSE,5
Moonlight,2016,TRUE,3
La La Land,2016,FALSE,8
La La Land,2016,TRUE,6
Hacksaw Ridge,2016,FALSE,4
Hacksaw Ridge,2016,TRUE,2
Manchester by the Sea,2016,FALSE,4
Manchester by the Sea,2016,TRUE,2
Arrival,2016,FALSE,7
Arrival,2016,TRUE,1
Fences,2016,FALSE,3
Fences,2016,TRUE,1
Fantastic Beasts and Where to Find Them,2016,FALSE,1
Fantastic Beasts and Where to Find Them,2016,TRUE,1
The Jungle Book,2016,FALSE,0
The Jungle Book,2016,TRUE,1
O.J.: Made in America,2016,FALSE,0
O.J.: Made in America,2016,TRUE,1
Piper,2016,FALSE,0
Piper,2016,TRUE,1
The Salesman,2016,FALSE,0
The Salesman,2016,TRUE,1
Sing,2016,FALSE,0
Sing,2016,TRUE,1
Suicide Squad,2016,FALSE,0
Suicide Squad,2016,TRUE,1
The White Helmets,2016,FALSE,0
The White Helmets,2016,TRUE,1
Zootopia,2016,FALSE,0
Zootopia,2016,TRUE,1
Spotlight,2015,FALSE,4
Spotlight,2015,TRUE,2
Mad Max: Fury Road,2015,FALSE,4
Mad Max: Fury Road,2015,TRUE,6
The Revenant,2015,FALSE,9
The Revenant,2015,TRUE,3
Bridge of Spies,2015,FALSE,5
Bridge of Spies,2015,TRUE,1
The Big Short,2015,FALSE,4
The Big Short,2015,TRUE,1
The Danish Girl,2015,FALSE,3
The Danish Girl,2015,TRUE,1
Room,2015,FALSE,3
Room,2015,TRUE,1
The Hateful Eight,2015,FALSE,2
The Hateful Eight,2015,TRUE,1
Ex Machina,2015,FALSE,1
Ex Machina,2015,TRUE,1
Inside Out,2015,FALSE,1
Inside Out,2015,TRUE,1
Amy,2015,FALSE,0
Amy,2015,TRUE,1
Bear Story,2015,FALSE,0
Bear Story,2015,TRUE,1
A Girl in the River: The Price of Forgiveness,2015,FALSE,0
A Girl in the River: The Price of Forgiveness,2015,TRUE,1
Son of Saul,2015,FALSE,0
Son of Saul,2015,TRUE,1
Spectre,2015,FALSE,0
Spectre,2015,TRUE,1
Stutterer,2015,FALSE,0
Stutterer,2015,TRUE,1
Birdman or (The Unexpected Virtue of Ignorance),2014,FALSE,5
Birdman or (The Unexpected Virtue of Ignorance),2014,TRUE,4
The Grand Budapest Hotel,2014,FALSE,5
The Grand Budapest Hotel,2014,TRUE,4
Whiplash,2014,FALSE,2
Whiplash,2014,TRUE,3
The Imitation Game,2014,FALSE,7
The Imitation Game,2014,TRUE,1
American Sniper,2014,FALSE,5
American Sniper,2014,TRUE,1
Boyhood,2014,FALSE,5
Boyhood,2014,TRUE,1
Interstellar,2014,FALSE,4
Interstellar,2014,TRUE,1
The Theory of Everything,2014,FALSE,4
The Theory of Everything,2014,TRUE,1
Ida,2014,FALSE,1
Ida,2014,TRUE,1
Selma,2014,FALSE,1
Selma,2014,TRUE,1
Citizenfour,2014,FALSE,0
Citizenfour,2014,TRUE,1
Big Hero 6,2014,FALSE,0
Big Hero 6,2014,TRUE,1
Crisis Hotline: Veterans Press 1,2014,FALSE,0
Crisis Hotline: Veterans Press 1,2014,TRUE,1
The Phone Call,2014,FALSE,0
The Phone Call,2014,TRUE,1
Still Alice,2014,FALSE,0
Still Alice,2014,TRUE,1
Feast,2014,FALSE,0
Feast,2014,TRUE,1
12 Years a Slave,2013,FALSE,6
12 Years a Slave,2013,TRUE,3
Gravity,2013,FALSE,3
Gravity,2013,TRUE,7
Dallas Buyers Club,2013,FALSE,3
Dallas Buyers Club,2013,TRUE,3
Frozen,2013,FALSE,0
Frozen,2013,TRUE,2
The Great Gatsby,2013,FALSE,0
The Great Gatsby,2013,TRUE,2
Her,2013,FALSE,4
Her,2013,TRUE,1
Blue Jasmine,2013,FALSE,2
Blue Jasmine,2013,TRUE,1
Mr Hublot,2013,FALSE,0
Mr Hublot,2013,TRUE,1
The Lady in Number 6,2013,FALSE,0
The Lady in Number 6,2013,TRUE,1
Helium,2013,FALSE,0
Helium,2013,TRUE,1
The Great Beauty,2013,FALSE,0
The Great Beauty,2013,TRUE,1
20 Feet from Stardom,2013,FALSE,0
20 Feet from Stardom,2013,TRUE,1
Argo,2012,FALSE,4
Argo,2012,TRUE,3
Life of Pi,2012,FALSE,7
Life of Pi,2012,TRUE,4
Les Misérables,2012,FALSE,5
Les Misérables,2012,TRUE,3
Lincoln,2012,FALSE,10
Lincoln,2012,TRUE,2
Django Unchained,2012,FALSE,3
Django Unchained,2012,TRUE,2
Skyfall,2012,FALSE,3
Skyfall,2012,TRUE,2
Silver Linings Playbook,2012,FALSE,7
Silver Linings Playbook,2012,TRUE,1
Zero Dark Thirty,2012,FALSE,4
Zero Dark Thirty,2012,TRUE,1
Amour,2012,FALSE,4
Amour,2012,TRUE,1
Anna Karenina,2012,FALSE,3
Anna Karenina,2012,TRUE,1
Paperman,2012,FALSE,0
Paperman,2012,TRUE,1
Brave,2012,FALSE,0
Brave,2012,TRUE,1
Searching for Sugar Man,2012,FALSE,0
Searching for Sugar Man,2012,TRUE,1
Inocente,2012,FALSE,0
Inocente,2012,TRUE,1
Curfew,2012,FALSE,0
Curfew,2012,TRUE,1
The Artist,2011,FALSE,5
The Artist,2011,TRUE,5
Hugo,2011,FALSE,6
Hugo,2011,TRUE,5
The Iron Lady,2011,FALSE,0
The Iron Lady,2011,TRUE,2
The Descendants,2011,FALSE,4
The Descendants,2011,TRUE,1
The Girl with the Dragon Tattoo,2011,FALSE,4
The Girl with the Dragon Tattoo,2011,TRUE,1
Midnight in Paris,2011,FALSE,3
Midnight in Paris,2011,TRUE,1
The Help,2011,FALSE,3
The Help,2011,TRUE,1
A Separation,2011,FALSE,1
A Separation,2011,TRUE,1
The Fantastic Flying Books of Mr. Morris Lessmore,2011,FALSE,0
The Fantastic Flying Books of Mr. Morris Lessmore,2011,TRUE,1
The Shore,2011,FALSE,0
The Shore,2011,TRUE,1
Undefeated,2011,FALSE,0
Undefeated,2011,TRUE,1
The Muppets,2011,FALSE,0
The Muppets,2011,TRUE,1
Saving Face,2011,FALSE,0
Saving Face,2011,TRUE,1
Beginners,2011,FALSE,0
Beginners,2011,TRUE,1
Rango,2011,FALSE,0
Rango,2011,TRUE,1
The King's Speech,2010,FALSE,8
The King's Speech,2010,TRUE,4
Inception,2010,FALSE,4
Inception,2010,TRUE,4
The Social Network,2010,FALSE,5
The Social Network,2010,TRUE,3
The Fighter,2010,FALSE,5
The Fighter,2010,TRUE,2
Toy Story 3,2010,FALSE,3
Toy Story 3,2010,TRUE,2
Alice in Wonderland,2010,FALSE,1
Alice in Wonderland,2010,TRUE,2
Black Swan,2010,FALSE,4
Black Swan,2010,TRUE,1
In a Better World,2010,FALSE,0
In a Better World,2010,TRUE,1
The Lost Thing,2010,FALSE,0
The Lost Thing,2010,TRUE,1
God of Love,2010,FALSE,0
God of Love,2010,TRUE,1
The Wolfman,2010,FALSE,0
The Wolfman,2010,TRUE,1
Strangers No More,2010,FALSE,0
Strangers No More,2010,TRUE,1
Inside Job,2010,FALSE,0
Inside Job,2010,TRUE,1
The Hurt Locker,2009,FALSE,3
The Hurt Locker,2009,TRUE,6
Avatar,2009,FALSE,6
Avatar,2009,TRUE,3
Precious,2009,FALSE,4
Precious,2009,TRUE,2
Up,2009,FALSE,3
Up,2009,TRUE,2
Crazy Heart,2009,FALSE,1
Crazy Heart,2009,TRUE,2
Inglourious Basterds,2009,FALSE,7
Inglourious Basterds,2009,TRUE,1
Star Trek,2009,FALSE,3
Star Trek,2009,TRUE,1
The Young Victoria,2009,FALSE,2
The Young Victoria,2009,TRUE,1
The Blind Side,2009,FALSE,1
The Blind Side,2009,TRUE,1
Music by Prudence,2009,FALSE,0
Music by Prudence,2009,TRUE,1
The Secret in Their Eyes,2009,FALSE,0
The Secret in Their Eyes,2009,TRUE,1
The Cove,2009,FALSE,0
The Cove,2009,TRUE,1
The New Tenants,2009,FALSE,0
The New Tenants,2009,TRUE,1
Logorama,2009,FALSE,0
Logorama,2009,TRUE,1
Slumdog Millionaire,2008,FALSE,2
Slumdog Millionaire,2008,TRUE,8
The Curious Case of Benjamin Button,2008,FALSE,10
The Curious Case of Benjamin Button,2008,TRUE,3
Milk,2008,FALSE,6
Milk,2008,TRUE,2
The Dark Knight,2008,FALSE,6
The Dark Knight,2008,TRUE,2
WALL-E,2008,FALSE,5
WALL-E,2008,TRUE,1
The Reader,2008,FALSE,4
The Reader,2008,TRUE,1
The Duchess,2008,FALSE,1
The Duchess,2008,TRUE,1
Departures,2008,FALSE,0
Departures,2008,TRUE,1
Vicky Cristina Barcelona,2008,FALSE,0
Vicky Cristina Barcelona,2008,TRUE,1
Smile Pinki,2008,FALSE,0
Smile Pinki,2008,TRUE,1
Man on Wire,2008,FALSE,0
Man on Wire,2008,TRUE,1
Toyland,2008,FALSE,0
Toyland,2008,TRUE,1
La Maison en Petits Cubes,2008,FALSE,0
La Maison en Petits Cubes,2008,TRUE,1
No Country for Old Men,2007,FALSE,4
No Country for Old Men,2007,TRUE,4
The Bourne Ultimatum,2007,FALSE,0
The Bourne Ultimatum,2007,TRUE,3
There Will Be Blood,2007,FALSE,6
There Will Be Blood,2007,TRUE,2
La Vie en rose,2007,FALSE,1
La Vie en rose,2007,TRUE,2
Atonement,2007,FALSE,6
Atonement,2007,TRUE,1
Michael Clayton,2007,FALSE,6
Michael Clayton,2007,TRUE,1
Ratatouille,2007,FALSE,4
Ratatouille,2007,TRUE,1
Juno,2007,FALSE,3
Juno,2007,TRUE,1
Sweeney Todd: The Demon Barber of Fleet Street,2007,FALSE,2
Sweeney Todd: The Demon Barber of Fleet Street,2007,TRUE,1
The Golden Compass,2007,FALSE,1
The Golden Compass,2007,TRUE,1
Elizabeth: The Golden Age,2007,FALSE,1
Elizabeth: The Golden Age,2007,TRUE,1
Taxi to the Dark Side,2007,FALSE,0
Taxi to the Dark Side,2007,TRUE,1
Peter & the Wolf,2007,FALSE,0
Peter & the Wolf,2007,TRUE,1
Once,2007,FALSE,0
Once,2007,TRUE,1
Le Mozart des pickpockets,2007,FALSE,0
Le Mozart des pickpockets,2007,TRUE,1
The Counterfeiters (Die Fälscher),2007,FALSE,0
The Counterfeiters (Die Fälscher),2007,TRUE,1
Freeheld,2007,FALSE,0
Freeheld,2007,TRUE,1
The Departed,2006,FALSE,1
The Departed,2006,TRUE,4
Pan's Labyrinth (El laberinto del fauno),2006,FALSE,3
Pan's Labyrinth (El laberinto del fauno),2006,TRUE,3
Dreamgirls,2006,FALSE,6
Dreamgirls,2006,TRUE,2
Little Miss Sunshine,2006,FALSE,2
Little Miss Sunshine,2006,TRUE,2
An Inconvenient Truth,2006,FALSE,0
An Inconvenient Truth,2006,TRUE,2
Babel,2006,FALSE,6
Babel,2006,TRUE,1
The Queen,2006,FALSE,5
The Queen,2006,TRUE,1
Letters from Iwo Jima,2006,FALSE,3
Letters from Iwo Jima,2006,TRUE,1
Pirates of the Caribbean: Dead Man's Chest,2006,FALSE,3
Pirates of the Caribbean: Dead Man's Chest,2006,TRUE,1
The Danish Poet,2006,FALSE,0
The Danish Poet,2006,TRUE,1
Happy Feet,2006,FALSE,0
Happy Feet,2006,TRUE,1
The Last King of Scotland,2006,FALSE,0
The Last King of Scotland,2006,TRUE,1
The Lives of Others (Das Leben der Anderen),2006,FALSE,0
The Lives of Others (Das Leben der Anderen),2006,TRUE,1
Marie Antoinette,2006,FALSE,0
Marie Antoinette,2006,TRUE,1
West Bank Story,2006,FALSE,0
West Bank Story,2006,TRUE,1
The Blood of Yingzhou District,2006,FALSE,0
The Blood of Yingzhou District,2006,TRUE,1
Crash,2005,FALSE,3
Crash,2005,TRUE,3
Brokeback Mountain,2005,FALSE,5
Brokeback Mountain,2005,TRUE,3
Memoirs of a Geisha,2005,FALSE,3
Memoirs of a Geisha,2005,TRUE,3
King Kong,2005,FALSE,1
King Kong,2005,TRUE,3
Capote,2005,FALSE,4
Capote,2005,TRUE,1
Walk the Line,2005,FALSE,4
Walk the Line,2005,TRUE,1
The Constant Gardener,2005,FALSE,3
The Constant Gardener,2005,TRUE,1
"The Chronicles of Narnia: The Lion, the Witch and the Wardrobe",2005,FALSE,2
"The Chronicles of Narnia: The Lion, the Witch and the Wardrobe",2005,TRUE,1
Hustle & Flow,2005,FALSE,1
Hustle & Flow,2005,TRUE,1
Syriana,2005,FALSE,1
Syriana,2005,TRUE,1
March of the Penguins (La Marche de l'empereur),2005,FALSE,0
March of the Penguins (La Marche de l'empereur),2005,TRUE,1
Six Shooter,2005,FALSE,0
Six Shooter,2005,TRUE,1
The Moon and the Son: An Imagined Conversation,2005,FALSE,0
The Moon and the Son: An Imagined Conversation,2005,TRUE,1
A Note of Triumph: The Golden Age of Norman Corwin,2005,FALSE,0
A Note of Triumph: The Golden Age of Norman Corwin,2005,TRUE,1
Tsotsi,2005,FALSE,0
Tsotsi,2005,TRUE,1
Wallace & Gromit: The Curse of the Were-Rabbit,2005,FALSE,0
Wallace & Gromit: The Curse of the Were-Rabbit,2005,TRUE,1
Million Dollar Baby,2004,FALSE,3
Million Dollar Baby,2004,TRUE,4
The Aviator,2004,FALSE,6
The Aviator,2004,TRUE,5
Ray,2004,FALSE,4
Ray,2004,TRUE,2
The Incredibles,2004,FALSE,2
The Incredibles,2004,TRUE,2
Finding Neverland,2004,FALSE,6
Finding Neverland,2004,TRUE,1
Sideways,2004,FALSE,4
Sideways,2004,TRUE,1
Lemony Snicket's A Series of Unfortunate Events,2004,FALSE,3
Lemony Snicket's A Series of Unfortunate Events,2004,TRUE,1
Spider-Man 2,2004,FALSE,2
Spider-Man 2,2004,TRUE,1
Eternal Sunshine of the Spotless Mind,2004,FALSE,1
Eternal Sunshine of the Spotless Mind,2004,TRUE,1
The Motorcycle Diaries,2004,FALSE,1
The Motorcycle Diaries,2004,TRUE,1
The Sea Inside,2004,FALSE,1
The Sea Inside,2004,TRUE,1
Born into Brothels,2004,FALSE,0
Born into Brothels,2004,TRUE,1
Mighty Times: The Children's March,2004,FALSE,0
Mighty Times: The Children's March,2004,TRUE,1
Wasp,2004,FALSE,0
Wasp,2004,TRUE,1
Ryan,2004,FALSE,0
Ryan,2004,TRUE,1
The Lord of the Rings: The Return of the King,2003,FALSE,0
The Lord of the Rings: The Return of the King,2003,TRUE,11
Master and Commander: The Far Side of the World,2003,FALSE,8
Master and Commander: The Far Side of the World,2003,TRUE,2
Mystic River,2003,FALSE,4
Mystic River,2003,TRUE,2
Cold Mountain,2003,FALSE,6
Cold Mountain,2003,TRUE,1
Lost in Translation,2003,FALSE,3
Lost in Translation,2003,TRUE,1
Finding Nemo,2003,FALSE,3
Finding Nemo,2003,TRUE,1
The Barbarian Invasions,2003,FALSE,1
The Barbarian Invasions,2003,TRUE,1
Two Soldiers,2003,FALSE,0
Two Soldiers,2003,TRUE,1
Monster,2003,FALSE,0
Monster,2003,TRUE,1
Harvie Krumpet,2003,FALSE,0
Harvie Krumpet,2003,TRUE,1
Chernobyl Heart,2003,FALSE,0
Chernobyl Heart,2003,TRUE,1
The Fog of War,2003,FALSE,0
The Fog of War,2003,TRUE,1
Chicago,2002,FALSE,7
Chicago,2002,TRUE,6
The Pianist,2002,FALSE,4
The Pianist,2002,TRUE,3
The Lord of the Rings: The Two Towers,2002,FALSE,4
The Lord of the Rings: The Two Towers,2002,TRUE,2
Frida,2002,FALSE,4
Frida,2002,TRUE,2
The Hours,2002,FALSE,8
The Hours,2002,TRUE,1
Road to Perdition,2002,FALSE,5
Road to Perdition,2002,TRUE,1
Adaptation,2002,FALSE,3
Adaptation,2002,TRUE,1
Talk to Her (Hable con ella),2002,FALSE,1
Talk to Her (Hable con ella),2002,TRUE,1
This Charming Man (Der Er En Yndig Mand),2002,FALSE,0
This Charming Man (Der Er En Yndig Mand),2002,TRUE,1
Spirited Away,2002,FALSE,0
Spirited Away,2002,TRUE,1
Nowhere in Africa (Nirgendwo in Afrika),2002,FALSE,0
Nowhere in Africa (Nirgendwo in Afrika),2002,TRUE,1
The ChubbChubbs!,2002,FALSE,0
The ChubbChubbs!,2002,TRUE,1
Twin Towers,2002,FALSE,0
Twin Towers,2002,TRUE,1
Bowling for Columbine,2002,FALSE,0
Bowling for Columbine,2002,TRUE,1
8 Mile,2002,FALSE,0
8 Mile,2002,TRUE,1
A Beautiful Mind,2001,FALSE,4
A Beautiful Mind,2001,TRUE,4
The Lord of the Rings: The Fellowship of the Ring,2001,FALSE,9
The Lord of the Rings: The Fellowship of the Ring,2001,TRUE,4
Moulin Rouge!,2001,FALSE,6
Moulin Rouge!,2001,TRUE,2
Black Hawk Down,2001,FALSE,2
Black Hawk Down,2001,TRUE,2
Gosford Park,2001,FALSE,6
Gosford Park,2001,TRUE,1
"Monsters, Inc.",2001,FALSE,3
"Monsters, Inc.",2001,TRUE,1
Pearl Harbor,2001,FALSE,3
Pearl Harbor,2001,TRUE,1
Iris,2001,FALSE,2
Iris,2001,TRUE,1
Shrek,2001,FALSE,1
Shrek,2001,TRUE,1
Training Day,2001,FALSE,1
Training Day,2001,TRUE,1
Monster's Ball,2001,FALSE,1
Monster's Ball,2001,TRUE,1
Thoth,2001,FALSE,0
Thoth,2001,TRUE,1
For the Birds,2001,FALSE,0
For the Birds,2001,TRUE,1
No Man's Land,2001,FALSE,0
No Man's Land,2001,TRUE,1
Murder on a Sunday Morning (Un coupable idéal),2001,FALSE,0
Murder on a Sunday Morning (Un coupable idéal),2001,TRUE,1
The Accountant,2001,FALSE,0
The Accountant,2001,TRUE,1
Gladiator,2000,FALSE,7
Gladiator,2000,TRUE,5
"Crouching Tiger, Hidden Dragon",2000,FALSE,6
"Crouching Tiger, Hidden Dragon",2000,TRUE,4
Traffic,2000,FALSE,1
Traffic,2000,TRUE,4
Erin Brockovich,2000,FALSE,4
Erin Brockovich,2000,TRUE,1
Almost Famous,2000,FALSE,3
Almost Famous,2000,TRUE,1
Wonder Boys,2000,FALSE,2
Wonder Boys,2000,TRUE,1
How the Grinch Stole Christmas,2000,FALSE,2
How the Grinch Stole Christmas,2000,TRUE,1
U-571,2000,FALSE,1
U-571,2000,TRUE,1
Pollock,2000,FALSE,1
Pollock,2000,TRUE,1
Father and Daughter,2000,FALSE,0
Father and Daughter,2000,TRUE,1
Into the Arms of Strangers: Stories of the Kindertransport,2000,FALSE,0
Into the Arms of Strangers: Stories of the Kindertransport,2000,TRUE,1
Quiero ser (I want to be...),2000,FALSE,0
Quiero ser (I want to be...),2000,TRUE,1
Big Mama,2000,FALSE,0
Big Mama,2000,TRUE,1
American Beauty,1999,FALSE,3
American Beauty,1999,TRUE,5
The Matrix,1999,FALSE,0
The Matrix,1999,TRUE,4
The Cider House Rules,1999,FALSE,5
The Cider House Rules,1999,TRUE,2
Topsy-Turvy,1999,FALSE,2
Topsy-Turvy,1999,TRUE,2
Sleepy Hollow,1999,FALSE,2
Sleepy Hollow,1999,TRUE,1
Boys Don't Cry,1999,FALSE,1
Boys Don't Cry,1999,TRUE,1
Tarzan,1999,FALSE,0
Tarzan,1999,TRUE,1
One Day in September,1999,FALSE,0
One Day in September,1999,TRUE,1
The Red Violin (Le violon rouge),1999,FALSE,0
The Red Violin (Le violon rouge),1999,TRUE,1
The Old Man and the Sea,1999,FALSE,0
The Old Man and the Sea,1999,TRUE,1
My Mother Dreams the Satan's Disciples in New York,1999,FALSE,0
My Mother Dreams the Satan's Disciples in New York,1999,TRUE,1
King Gimp,1999,FALSE,0
King Gimp,1999,TRUE,1
"Girl, Interrupted",1999,FALSE,0
"Girl, Interrupted",1999,TRUE,1
All About My Mother (Todo sobre mi madre),1999,FALSE,0
All About My Mother (Todo sobre mi madre),1999,TRUE,1
Shakespeare in Love,1998,FALSE,6
Shakespeare in Love,1998,TRUE,7
Saving Private Ryan,1998,FALSE,6
Saving Private Ryan,1998,TRUE,5
Life Is Beautiful (La vita è bella),1998,FALSE,4
Life Is Beautiful (La vita è bella),1998,TRUE,3
Elizabeth,1998,FALSE,6
Elizabeth,1998,TRUE,1
Gods and Monsters,1998,FALSE,2
Gods and Monsters,1998,TRUE,1
The Prince of Egypt,1998,FALSE,1
The Prince of Egypt,1998,TRUE,1
Affliction,1998,FALSE,1
Affliction,1998,TRUE,1
What Dreams May Come,1998,FALSE,1
What Dreams May Come,1998,TRUE,1
The Personals,1998,FALSE,0
The Personals,1998,TRUE,1
The Last Days,1998,FALSE,0
The Last Days,1998,TRUE,1
Election Night (Valgaften),1998,FALSE,0
Election Night (Valgaften),1998,TRUE,1
Bunny,1998,FALSE,0
Bunny,1998,TRUE,1
Titanic,1997,FALSE,3
Titanic,1997,TRUE,11
Good Will Hunting,1997,FALSE,7
Good Will Hunting,1997,TRUE,2
L.A. Confidential,1997,FALSE,7
L.A. Confidential,1997,TRUE,2
As Good as It Gets,1997,FALSE,5
As Good as It Gets,1997,TRUE,2
The Full Monty,1997,FALSE,3
The Full Monty,1997,TRUE,1
Men in Black,1997,FALSE,2
Men in Black,1997,TRUE,1
Visas and Virtue,1997,FALSE,0
Visas and Virtue,1997,TRUE,1
Character (Karakter),1997,FALSE,0
Character (Karakter),1997,TRUE,1
Geri's Game,1997,FALSE,0
Geri's Game,1997,TRUE,1
A Story of Healing,1997,FALSE,0
A Story of Healing,1997,TRUE,1
The Long Way Home,1997,FALSE,0
The Long Way Home,1997,TRUE,1
The English Patient,1996,FALSE,3
The English Patient,1996,TRUE,9
Fargo,1996,FALSE,5
Fargo,1996,TRUE,2
Shine,1996,FALSE,6
Shine,1996,TRUE,1
Evita,1996,FALSE,4
Evita,1996,TRUE,1
Jerry Maguire,1996,FALSE,4
Jerry Maguire,1996,TRUE,1
Independence Day,1996,FALSE,1
Independence Day,1996,TRUE,1
Emma,1996,FALSE,1
Emma,1996,TRUE,1
Sling Blade,1996,FALSE,1
Sling Blade,1996,TRUE,1
The Ghost and the Darkness,1996,FALSE,0
The Ghost and the Darkness,1996,TRUE,1
Kolya,1996,FALSE,0
Kolya,1996,TRUE,1
The Nutty Professor,1996,FALSE,0
The Nutty Professor,1996,TRUE,1
Quest,1996,FALSE,0
Quest,1996,TRUE,1
When We Were Kings,1996,FALSE,0
When We Were Kings,1996,TRUE,1
Breathing Lessons: The Life and Work of Mark O'Brien,1996,FALSE,0
Breathing Lessons: The Life and Work of Mark O'Brien,1996,TRUE,1
Dear Diary,1996,FALSE,0
Dear Diary,1996,TRUE,1
Braveheart,1995,FALSE,5
Braveheart,1995,TRUE,5
Apollo 13,1995,FALSE,7
Apollo 13,1995,TRUE,2
Pocahontas,1995,FALSE,0
Pocahontas,1995,TRUE,2
The Usual Suspects,1995,FALSE,0
The Usual Suspects,1995,TRUE,2
Restoration,1995,FALSE,0
Restoration,1995,TRUE,2
Babe,1995,FALSE,6
Babe,1995,TRUE,1
Sense and Sensibility,1995,FALSE,6
Sense and Sensibility,1995,TRUE,1
Il Postino: The Postman,1995,FALSE,4
Il Postino: The Postman,1995,TRUE,1
Dead Man Walking,1995,FALSE,3
Dead Man Walking,1995,TRUE,1
Leaving Las Vegas,1995,FALSE,3
Leaving Las Vegas,1995,TRUE,1
Mighty Aphrodite,1995,FALSE,1
Mighty Aphrodite,1995,TRUE,1
Anne Frank Remembered,1995,FALSE,0
Anne Frank Remembered,1995,TRUE,1
A Close Shave,1995,FALSE,0
A Close Shave,1995,TRUE,1
Lieberman in Love,1995,FALSE,0
Lieberman in Love,1995,TRUE,1
One Survivor Remembers,1995,FALSE,0
One Survivor Remembers,1995,TRUE,1
Antonia's Line (Antonia),1995,FALSE,0
Antonia's Line (Antonia),1995,TRUE,1
Toy Story,1995,FALSE,3
Toy Story,1995,TRUE,0
Forrest Gump,1994,FALSE,7
Forrest Gump,1994,TRUE,6
The Lion King,1994,FALSE,2
The Lion King,1994,TRUE,2
Speed,1994,FALSE,1
Speed,1994,TRUE,2
Ed Wood,1994,FALSE,0
Ed Wood,1994,TRUE,2
Pulp Fiction,1994,FALSE,6
Pulp Fiction,1994,TRUE,1
Bullets Over Broadway,1994,FALSE,6
Bullets Over Broadway,1994,TRUE,1
The Madness of King George,1994,FALSE,3
The Madness of King George,1994,TRUE,1
Legends of the Fall,1994,FALSE,2
Legends of the Fall,1994,TRUE,1
A Time for Justice,1994,FALSE,0
A Time for Justice,1994,TRUE,1
Franz Kafka's It's a Wonderful Life,1994,FALSE,0
Franz Kafka's It's a Wonderful Life,1994,TRUE,1
Maya Lin: A Strong Clear Vision,1994,FALSE,0
Maya Lin: A Strong Clear Vision,1994,TRUE,1
Burnt by the Sun (Utomlyonnye solntsem),1994,FALSE,0
Burnt by the Sun (Utomlyonnye solntsem),1994,TRUE,1
Trevor,1994,FALSE,0
Trevor,1994,TRUE,1
"The Adventures of Priscilla, Queen of the Desert",1994,FALSE,0
"The Adventures of Priscilla, Queen of the Desert",1994,TRUE,1
Bob's Birthday,1994,FALSE,0
Bob's Birthday,1994,TRUE,1
Blue Sky,1994,FALSE,0
Blue Sky,1994,TRUE,1
Schindler's List,1993,FALSE,5
Schindler's List,1993,TRUE,7
The Piano,1993,FALSE,5
The Piano,1993,TRUE,3
Jurassic Park,1993,FALSE,0
Jurassic Park,1993,TRUE,3
Philadelphia,1993,FALSE,3
Philadelphia,1993,TRUE,2
The Fugitive,1993,FALSE,6
The Fugitive,1993,TRUE,1
The Age of Innocence,1993,FALSE,4
The Age of Innocence,1993,TRUE,1
The Wrong Trousers,1993,FALSE,0
The Wrong Trousers,1993,TRUE,1
Belle Epoque (The Beautiful Era),1993,FALSE,0
Belle Epoque (The Beautiful Era),1993,TRUE,1
I Am a Promise: The Children of Stanton Elementary School,1993,FALSE,0
I Am a Promise: The Children of Stanton Elementary School,1993,TRUE,1
Mrs. Doubtfire,1993,FALSE,0
Mrs. Doubtfire,1993,TRUE,1
Black Rider (Schwarzfahrer),1993,FALSE,0
Black Rider (Schwarzfahrer),1993,TRUE,1
Defending Our Lives,1993,FALSE,0
Defending Our Lives,1993,TRUE,1
Unforgiven,1992,FALSE,5
Unforgiven,1992,TRUE,4
Howards End,1992,FALSE,6
Howards End,1992,TRUE,3
Bram Stoker's Dracula,1992,FALSE,1
Bram Stoker's Dracula,1992,TRUE,3
Aladdin,1992,FALSE,3
Aladdin,1992,TRUE,2
The Crying Game,1992,FALSE,5
The Crying Game,1992,TRUE,1
Scent of a Woman,1992,FALSE,3
Scent of a Woman,1992,TRUE,1
A River Runs Through It,1992,FALSE,2
A River Runs Through It,1992,TRUE,1
Indochine,1992,FALSE,1
Indochine,1992,TRUE,1
My Cousin Vinny,1992,FALSE,0
My Cousin Vinny,1992,TRUE,1
The Panama Deception,1992,FALSE,0
The Panama Deception,1992,TRUE,1
Educating Peter,1992,FALSE,0
Educating Peter,1992,TRUE,1
The Last of the Mohicans,1992,FALSE,0
The Last of the Mohicans,1992,TRUE,1
Death Becomes Her,1992,FALSE,0
Death Becomes Her,1992,TRUE,1
Omnibus,1992,FALSE,0
Omnibus,1992,TRUE,1
Mona Lisa Descending a Staircase,1992,FALSE,0
Mona Lisa Descending a Staircase,1992,TRUE,1
The Silence of the Lambs,1991,FALSE,2
The Silence of the Lambs,1991,TRUE,5
Terminator 2: Judgment Day,1991,FALSE,2
Terminator 2: Judgment Day,1991,TRUE,4
Bugsy,1991,FALSE,8
Bugsy,1991,TRUE,2
JFK,1991,FALSE,6
JFK,1991,TRUE,2
Beauty and the Beast,1991,FALSE,4
Beauty and the Beast,1991,TRUE,2
Thelma & Louise,1991,FALSE,5
Thelma & Louise,1991,TRUE,1
The Fisher King,1991,FALSE,4
The Fisher King,1991,TRUE,1
In the Shadow of the Stars,1991,FALSE,0
In the Shadow of the Stars,1991,TRUE,1
Manipulation,1991,FALSE,0
Manipulation,1991,TRUE,1
Mediterraneo,1991,FALSE,0
Mediterraneo,1991,TRUE,1
Session Man,1991,FALSE,0
Session Man,1991,TRUE,1
City Slickers,1991,FALSE,0
City Slickers,1991,TRUE,1
"Deadly Deception: General Electric, Nuclear Weapons and Our Environment",1991,FALSE,0
"Deadly Deception: General Electric, Nuclear Weapons and Our Environment",1991,TRUE,1
Dances with Wolves,1990,FALSE,5
Dances with Wolves,1990,TRUE,7
Dick Tracy,1990,FALSE,4
Dick Tracy,1990,TRUE,3
Ghost,1990,FALSE,3
Ghost,1990,TRUE,2
Goodfellas,1990,FALSE,5
Goodfellas,1990,TRUE,1
The Hunt for Red October,1990,FALSE,2
The Hunt for Red October,1990,TRUE,1
Reversal of Fortune,1990,FALSE,2
Reversal of Fortune,1990,TRUE,1
Cyrano de Bergerac,1990,FALSE,4
Cyrano de Bergerac,1990,TRUE,1
American Dream,1990,FALSE,0
American Dream,1990,TRUE,1
Journey of Hope (Reise der Hoffnung),1990,FALSE,0
Journey of Hope (Reise der Hoffnung),1990,TRUE,1
Days of Waiting,1990,FALSE,0
Days of Waiting,1990,TRUE,1
Creature Comforts,1990,FALSE,0
Creature Comforts,1990,TRUE,1
The Lunch Date,1990,FALSE,0
The Lunch Date,1990,TRUE,1
Misery,1990,FALSE,0
Misery,1990,TRUE,1
Total Recall,1990,FALSE,2
Total Recall,1990,TRUE,0
Driving Miss Daisy,1989,FALSE,5
Driving Miss Daisy,1989,TRUE,4
Glory,1989,FALSE,2
Glory,1989,TRUE,3
Born on the Fourth of July,1989,FALSE,6
Born on the Fourth of July,1989,TRUE,2
My Left Foot,1989,FALSE,3
My Left Foot,1989,TRUE,2
The Little Mermaid,1989,FALSE,1
The Little Mermaid,1989,TRUE,2
Dead Poets Society,1989,FALSE,3
Dead Poets Society,1989,TRUE,1
The Abyss,1989,FALSE,3
The Abyss,1989,TRUE,1
Indiana Jones and the Last Crusade,1989,FALSE,2
Indiana Jones and the Last Crusade,1989,TRUE,1
Henry V,1989,FALSE,2
Henry V,1989,TRUE,1
The Johnstown Flood,1989,FALSE,0
The Johnstown Flood,1989,TRUE,1
Common Threads: Stories from the Quilt,1989,FALSE,0
Common Threads: Stories from the Quilt,1989,TRUE,1
Cinema Paradiso,1989,FALSE,0
Cinema Paradiso,1989,TRUE,1
Work Experience,1989,FALSE,0
Work Experience,1989,TRUE,1
Batman,1989,FALSE,0
Batman,1989,TRUE,1
Balance,1989,FALSE,0
Balance,1989,TRUE,1
Rain Man,1988,FALSE,4
Rain Man,1988,TRUE,4
Dangerous Liaisons,1988,FALSE,4
Dangerous Liaisons,1988,TRUE,3
Who Framed Roger Rabbit,1988,FALSE,3
Who Framed Roger Rabbit,1988,TRUE,3
Mississippi Burning,1988,FALSE,6
Mississippi Burning,1988,TRUE,1
Working Girl,1988,FALSE,5
Working Girl,1988,TRUE,1
The Accidental Tourist,1988,FALSE,3
The Accidental Tourist,1988,TRUE,1
A Fish Called Wanda,1988,FALSE,2
A Fish Called Wanda,1988,TRUE,1
Pelle the Conqueror (Pelle erobreren),1988,FALSE,1
Pelle the Conqueror (Pelle erobreren),1988,TRUE,1
The Accused,1988,FALSE,0
The Accused,1988,TRUE,1
The Appointments of Dennis Jennings,1988,FALSE,0
The Appointments of Dennis Jennings,1988,TRUE,1
Beetlejuice,1988,FALSE,0
Beetlejuice,1988,TRUE,1
Bird,1988,FALSE,0
Bird,1988,TRUE,1
Hôtel Terminus: The Life and Times of Klaus Barbie,1988,FALSE,0
Hôtel Terminus: The Life and Times of Klaus Barbie,1988,TRUE,1
The Milagro Beanfield War,1988,FALSE,0
The Milagro Beanfield War,1988,TRUE,1
Tin Toy,1988,FALSE,0
Tin Toy,1988,TRUE,1
You Don't Have to Die,1988,FALSE,0
You Don't Have to Die,1988,TRUE,1
The Last Emperor,1987,FALSE,0
The Last Emperor,1987,TRUE,9
Moonstruck,1987,FALSE,3
Moonstruck,1987,TRUE,3
The Untouchables,1987,FALSE,3
The Untouchables,1987,TRUE,1
Babette's Feast (Babettes gæstebud),1987,FALSE,0
Babette's Feast (Babettes gæstebud),1987,TRUE,1
Dirty Dancing,1987,FALSE,0
Dirty Dancing,1987,TRUE,1
Harry and the Hendersons,1987,FALSE,0
Harry and the Hendersons,1987,TRUE,1
Innerspace,1987,FALSE,0
Innerspace,1987,TRUE,1
The Man Who Planted Trees (L' Homme qui plantait des arbres),1987,FALSE,0
The Man Who Planted Trees (L' Homme qui plantait des arbres),1987,TRUE,1
Ray's Male Heterosexual Dance Hall,1987,FALSE,0
Ray's Male Heterosexual Dance Hall,1987,TRUE,1
The Ten-Year Lunch,1987,FALSE,0
The Ten-Year Lunch,1987,TRUE,1
Wall Street,1987,FALSE,0
Wall Street,1987,TRUE,1
Young at Heart,1987,FALSE,0
Young at Heart,1987,TRUE,1
RoboCop,1987,FALSE,2
RoboCop,1987,TRUE,0
Platoon,1986,FALSE,4
Platoon,1986,TRUE,4
A Room with a View,1986,FALSE,5
A Room with a View,1986,TRUE,3
Hannah and Her Sisters,1986,FALSE,4
Hannah and Her Sisters,1986,TRUE,3
Aliens,1986,FALSE,5
Aliens,1986,TRUE,2
The Mission,1986,FALSE,6
The Mission,1986,TRUE,1
Children of a Lesser God,1986,FALSE,4
Children of a Lesser God,1986,TRUE,1
The Color of Money,1986,FALSE,3
The Color of Money,1986,TRUE,1
Top Gun,1986,FALSE,3
Top Gun,1986,TRUE,1
Round Midnight,1986,FALSE,1
Round Midnight,1986,TRUE,1
Artie Shaw: Time Is All You've Got,1986,FALSE,0
Artie Shaw: Time Is All You've Got,1986,TRUE,1
The Assault (De Aanslag),1986,FALSE,0
The Assault (De Aanslag),1986,TRUE,1
Down and Out in America,1986,FALSE,0
Down and Out in America,1986,TRUE,1
The Fly,1986,FALSE,0
The Fly,1986,TRUE,1
A Greek Tragedy,1986,FALSE,0
A Greek Tragedy,1986,TRUE,1
Precious Images,1986,FALSE,0
Precious Images,1986,TRUE,1
"Women – for America, for the World",1986,FALSE,0
"Women – for America, for the World",1986,TRUE,1
Out of Africa,1985,FALSE,4
Out of Africa,1985,TRUE,7
Witness,1985,FALSE,6
Witness,1985,TRUE,2
Cocoon,1985,FALSE,0
Cocoon,1985,TRUE,2
Prizzi's Honor,1985,FALSE,7
Prizzi's Honor,1985,TRUE,1
Back to the Future,1985,FALSE,3
Back to the Future,1985,TRUE,1
Kiss of the Spider Woman,1985,FALSE,3
Kiss of the Spider Woman,1985,TRUE,1
Ran,1985,FALSE,3
Ran,1985,TRUE,1
The Official Story (La Historia Oficial),1985,FALSE,1
The Official Story (La Historia Oficial),1985,TRUE,1
The Trip to Bountiful,1985,FALSE,1
The Trip to Bountiful,1985,TRUE,1
White Nights,1985,FALSE,1
White Nights,1985,TRUE,1
Anna & Bella,1985,FALSE,0
Anna & Bella,1985,TRUE,1
Broken Rainbow,1985,FALSE,0
Broken Rainbow,1985,TRUE,1
Mask,1985,FALSE,0
Mask,1985,TRUE,1
Molly's Pilgrim,1985,FALSE,0
Molly's Pilgrim,1985,TRUE,1
Witness to War: Dr. Charlie Clements,1985,FALSE,0
Witness to War: Dr. Charlie Clements,1985,TRUE,1
Amadeus,1984,FALSE,3
Amadeus,1984,TRUE,8
The Killing Fields,1984,FALSE,4
The Killing Fields,1984,TRUE,3
A Passage to India,1984,FALSE,9
A Passage to India,1984,TRUE,2
Places in the Heart,1984,FALSE,5
Places in the Heart,1984,TRUE,2
Indiana Jones and the Temple of Doom,1984,FALSE,1
Indiana Jones and the Temple of Doom,1984,TRUE,1
Charade,1984,FALSE,0
Charade,1984,TRUE,1
Dangerous Moves (La Diagonale du fou),1984,FALSE,0
Dangerous Moves (La Diagonale du fou),1984,TRUE,1
Purple Rain,1984,FALSE,0
Purple Rain,1984,TRUE,1
The Stone Carvers,1984,FALSE,0
The Stone Carvers,1984,TRUE,1
The Times of Harvey Milk,1984,FALSE,0
The Times of Harvey Milk,1984,TRUE,1
Up,1984,FALSE,0
Up,1984,TRUE,1
The Woman in Red,1984,FALSE,0
The Woman in Red,1984,TRUE,1
The River,1984,FALSE,4
The River,1984,TRUE,0
Terms of Endearment,1983,FALSE,6
Terms of Endearment,1983,TRUE,5
The Right Stuff,1983,FALSE,4
The Right Stuff,1983,TRUE,4
Fanny & Alexander (Fanny och Alexander),1983,FALSE,2
Fanny & Alexander (Fanny och Alexander),1983,TRUE,4
Tender Mercies,1983,FALSE,3
Tender Mercies,1983,TRUE,2
Yentl,1983,FALSE,4
Yentl,1983,TRUE,1
Flashdance,1983,FALSE,3
Flashdance,1983,TRUE,1
Boys and Girls,1983,FALSE,0
Boys and Girls,1983,TRUE,1
Flamenco at 5:15,1983,FALSE,0
Flamenco at 5:15,1983,TRUE,1
He Makes Me Feel Like Dancin',1983,FALSE,0
He Makes Me Feel Like Dancin',1983,TRUE,1
Sundae in New York,1983,FALSE,0
Sundae in New York,1983,TRUE,1
The Year of Living Dangerously,1983,FALSE,0
The Year of Living Dangerously,1983,TRUE,1
Return of the Jedi,1983,FALSE,4
Return of the Jedi,1983,TRUE,0
Gandhi,1982,FALSE,3
Gandhi,1982,TRUE,8
E.T.: The Extra-Terrestrial,1982,FALSE,5
E.T.: The Extra-Terrestrial,1982,TRUE,4
An Officer and a Gentleman,1982,FALSE,4
An Officer and a Gentleman,1982,TRUE,2
Tootsie,1982,FALSE,9
Tootsie,1982,TRUE,1
Victor/Victoria,1982,FALSE,6
Victor/Victoria,1982,TRUE,1
Sophie's Choice,1982,FALSE,4
Sophie's Choice,1982,TRUE,1
Missing,1982,FALSE,3
Missing,1982,TRUE,1
If You Love This Planet,1982,FALSE,0
If You Love This Planet,1982,TRUE,1
Just Another Missing Kid,1982,FALSE,0
Just Another Missing Kid,1982,TRUE,1
A Shocking Accident,1982,FALSE,0
A Shocking Accident,1982,TRUE,1
Tango,1982,FALSE,0
Tango,1982,TRUE,1
To Begin Again (Volver a empezar),1982,FALSE,0
To Begin Again (Volver a empezar),1982,TRUE,1
Quest for Fire,1982,FALSE,0
Quest for Fire,1982,TRUE,1
Chariots of Fire,1981,FALSE,3
Chariots of Fire,1981,TRUE,4
Raiders of the Lost Ark,1981,FALSE,4
Raiders of the Lost Ark,1981,TRUE,4
Reds,1981,FALSE,9
Reds,1981,TRUE,3
On Golden Pond,1981,FALSE,7
On Golden Pond,1981,TRUE,3
Arthur,1981,FALSE,2
Arthur,1981,TRUE,2
An American Werewolf in London,1981,FALSE,0
An American Werewolf in London,1981,TRUE,1
Close Harmony,1981,FALSE,0
Close Harmony,1981,TRUE,1
Crac,1981,FALSE,0
Crac,1981,TRUE,1
Genocide,1981,FALSE,0
Genocide,1981,TRUE,1
Mephisto,1981,FALSE,0
Mephisto,1981,TRUE,1
Violet,1981,FALSE,0
Violet,1981,TRUE,1
Ordinary People,1980,FALSE,2
Ordinary People,1980,TRUE,4
Tess,1980,FALSE,3
Tess,1980,TRUE,3
Raging Bull,1980,FALSE,6
Raging Bull,1980,TRUE,2
Fame,1980,FALSE,4
Fame,1980,TRUE,2
Melvin and Howard,1980,FALSE,1
Melvin and Howard,1980,TRUE,2
Coal Miner's Daughter,1980,FALSE,6
Coal Miner's Daughter,1980,TRUE,1
The Empire Strikes Back,1980,FALSE,2
The Empire Strikes Back,1980,TRUE,1
The Dollar Bottom,1980,FALSE,0
The Dollar Bottom,1980,TRUE,1
The Fly (A Légy),1980,FALSE,0
The Fly (A Légy),1980,TRUE,1
From Mao to Mozart: Isaac Stern in China,1980,FALSE,0
From Mao to Mozart: Isaac Stern in China,1980,TRUE,1
Karl Hess: Toward Liberty,1980,FALSE,0
Karl Hess: Toward Liberty,1980,TRUE,1
Moscow Does Not Believe in Tears,1980,FALSE,0
Moscow Does Not Believe in Tears,1980,TRUE,1
Kramer vs. Kramer,1979,FALSE,4
Kramer vs. Kramer,1979,TRUE,5
All That Jazz,1979,FALSE,5
All That Jazz,1979,TRUE,4
Apocalypse Now,1979,FALSE,6
Apocalypse Now,1979,TRUE,2
Norma Rae,1979,FALSE,2
Norma Rae,1979,TRUE,2
Breaking Away,1979,FALSE,4
Breaking Away,1979,TRUE,1
Alien,1979,FALSE,1
Alien,1979,TRUE,1
Being There,1979,FALSE,1
Being There,1979,TRUE,1
A Little Romance,1979,FALSE,1
A Little Romance,1979,TRUE,1
Best Boy,1979,FALSE,0
Best Boy,1979,TRUE,1
Board and Care,1979,FALSE,0
Board and Care,1979,TRUE,1
Every Child,1979,FALSE,0
Every Child,1979,TRUE,1
Paul Robeson: Tribute to an Artist,1979,FALSE,0
Paul Robeson: Tribute to an Artist,1979,TRUE,1
The Tin Drum (Die Blechtrommel),1979,FALSE,0
The Tin Drum (Die Blechtrommel),1979,TRUE,1
The Black Stallion,1979,FALSE,2
The Black Stallion,1979,TRUE,0
The Deer Hunter,1978,FALSE,4
The Deer Hunter,1978,TRUE,5
Coming Home,1978,FALSE,5
Coming Home,1978,TRUE,3
Midnight Express,1978,FALSE,4
Midnight Express,1978,TRUE,2
Heaven Can Wait,1978,FALSE,8
Heaven Can Wait,1978,TRUE,1
Days of Heaven,1978,FALSE,3
Days of Heaven,1978,TRUE,1
California Suite,1978,FALSE,2
California Suite,1978,TRUE,1
The Buddy Holly Story,1978,FALSE,2
The Buddy Holly Story,1978,TRUE,1
Death on the Nile,1978,FALSE,0
Death on the Nile,1978,TRUE,1
The Flight of the Gossamer Condor,1978,FALSE,0
The Flight of the Gossamer Condor,1978,TRUE,1
Get Out Your Handkerchiefs (Préparez vos mouchoirs),1978,FALSE,0
Get Out Your Handkerchiefs (Préparez vos mouchoirs),1978,TRUE,1
Scared Straight!,1978,FALSE,0
Scared Straight!,1978,TRUE,1
Special Delivery,1978,FALSE,0
Special Delivery,1978,TRUE,1
Teenage Father,1978,FALSE,0
Teenage Father,1978,TRUE,1
Thank God It's Friday,1978,FALSE,0
Thank God It's Friday,1978,TRUE,1
Superman,1978,FALSE,3
Superman,1978,TRUE,0
Annie Hall,1977,FALSE,1
Annie Hall,1977,TRUE,4
Star Wars,1977,FALSE,4
Star Wars,1977,TRUE,6
Julia,1977,FALSE,8
Julia,1977,TRUE,3
Close Encounters of the Third Kind,1977,FALSE,7
Close Encounters of the Third Kind,1977,TRUE,1
The Goodbye Girl,1977,FALSE,4
The Goodbye Girl,1977,TRUE,1
A Little Night Music,1977,FALSE,1
A Little Night Music,1977,TRUE,1
Gravity Is My Enemy,1977,FALSE,0
Gravity Is My Enemy,1977,TRUE,1
I'll Find a Way,1977,FALSE,0
I'll Find a Way,1977,TRUE,1
Madame Rosa (La Vie devant soi),1977,FALSE,0
Madame Rosa (La Vie devant soi),1977,TRUE,1
The Sand Castle (Le Château de sable),1977,FALSE,0
The Sand Castle (Le Château de sable),1977,TRUE,1
Who Are the DeBolts? And Where Did They Get Nineteen Kids?,1977,FALSE,0
Who Are the DeBolts? And Where Did They Get Nineteen Kids?,1977,TRUE,1
You Light Up My Life,1977,FALSE,0
You Light Up My Life,1977,TRUE,1
Rocky,1976,FALSE,7
Rocky,1976,TRUE,3
Network,1976,FALSE,6
Network,1976,TRUE,4
All the President's Men,1976,FALSE,4
All the President's Men,1976,TRUE,4
Bound for Glory,1976,FALSE,4
Bound for Glory,1976,TRUE,2
A Star Is Born,1976,FALSE,3
A Star Is Born,1976,TRUE,1
Fellini's Casanova (Il Casanova di Federico Fellini),1976,FALSE,1
Fellini's Casanova (Il Casanova di Federico Fellini),1976,TRUE,1
The Omen,1976,FALSE,1
The Omen,1976,TRUE,1
Black and White in Color (Noirs et blancs en couleur),1976,FALSE,0
Black and White in Color (Noirs et blancs en couleur),1976,TRUE,1
"Harlan County, USA",1976,FALSE,0
"Harlan County, USA",1976,TRUE,1
In the Region of Ice,1976,FALSE,0
In the Region of Ice,1976,TRUE,1
Leisure,1976,FALSE,0
Leisure,1976,TRUE,1
Number Our Days,1976,FALSE,0
Number Our Days,1976,TRUE,1
King Kong,1976,FALSE,2
King Kong,1976,TRUE,0
Logan's Run,1976,FALSE,2
Logan's Run,1976,TRUE,0
One Flew Over the Cuckoo's Nest,1975,FALSE,4
One Flew Over the Cuckoo's Nest,1975,TRUE,5
Barry Lyndon,1975,FALSE,3
Barry Lyndon,1975,TRUE,4
Jaws,1975,FALSE,1
Jaws,1975,TRUE,3
Dog Day Afternoon,1975,FALSE,5
Dog Day Afternoon,1975,TRUE,1
Nashville,1975,FALSE,4
Nashville,1975,TRUE,1
Shampoo,1975,FALSE,3
Shampoo,1975,TRUE,1
The Sunshine Boys,1975,FALSE,3
The Sunshine Boys,1975,TRUE,1
Angel and Big Joe,1975,FALSE,0
Angel and Big Joe,1975,TRUE,1
Dersu Uzala,1975,FALSE,0
Dersu Uzala,1975,TRUE,1
The End of the Game,1975,FALSE,0
The End of the Game,1975,TRUE,1
Great (Great (Isambard Kingdom Brunel)),1975,FALSE,0
Great (Great (Isambard Kingdom Brunel)),1975,TRUE,1
The Man Who Skied Down Everest,1975,FALSE,0
The Man Who Skied Down Everest,1975,TRUE,1
The Hindenburg,1975,FALSE,3
The Hindenburg,1975,TRUE,0
The Godfather: Part II,1974,FALSE,5
The Godfather: Part II,1974,TRUE,6
The Towering Inferno,1974,FALSE,5
The Towering Inferno,1974,TRUE,3
The Great Gatsby,1974,FALSE,0
The Great Gatsby,1974,TRUE,2
Chinatown,1974,FALSE,10
Chinatown,1974,TRUE,1
Murder on the Orient Express,1974,FALSE,5
Murder on the Orient Express,1974,TRUE,1
Earthquake,1974,FALSE,3
Earthquake,1974,TRUE,1
Alice Doesn't Live Here Anymore,1974,FALSE,2
Alice Doesn't Live Here Anymore,1974,TRUE,1
Amarcord,1974,FALSE,2
Amarcord,1974,TRUE,1
Harry and Tonto,1974,FALSE,1
Harry and Tonto,1974,TRUE,1
Closed Mondays,1974,FALSE,0
Closed Mondays,1974,TRUE,1
Don't,1974,FALSE,0
Don't,1974,TRUE,1
Hearts and Minds,1974,FALSE,0
Hearts and Minds,1974,TRUE,1
"One-Eyed Men Are Kings (...borgnes sont rois, Les)",1974,FALSE,0
"One-Eyed Men Are Kings (...borgnes sont rois, Les)",1974,TRUE,1
The Sting,1973,FALSE,3
The Sting,1973,TRUE,7
The Exorcist,1973,FALSE,8
The Exorcist,1973,TRUE,2
The Way We Were,1973,FALSE,4
The Way We Were,1973,TRUE,2
Cries and Whispers (Viskningar och rop),1973,FALSE,4
Cries and Whispers (Viskningar och rop),1973,TRUE,1
A Touch of Class,1973,FALSE,4
A Touch of Class,1973,TRUE,1
Day for Night (La Nuit américaine),1973,FALSE,3
Day for Night (La Nuit américaine),1973,TRUE,1
Paper Moon,1973,FALSE,3
Paper Moon,1973,TRUE,1
The Paper Chase,1973,FALSE,2
The Paper Chase,1973,TRUE,1
Save the Tiger,1973,FALSE,2
Save the Tiger,1973,TRUE,1
The Bolero,1973,FALSE,0
The Bolero,1973,TRUE,1
Frank Film,1973,FALSE,0
Frank Film,1973,TRUE,1
The Great American Cowboy,1973,FALSE,0
The Great American Cowboy,1973,TRUE,1
Princeton: A Search for Answers,1973,FALSE,0
Princeton: A Search for Answers,1973,TRUE,1
The Godfather,1972,FALSE,7
The Godfather,1972,TRUE,3
Cabaret,1972,FALSE,2
Cabaret,1972,TRUE,8
The Poseidon Adventure,1972,FALSE,7
The Poseidon Adventure,1972,TRUE,1
Travels with My Aunt,1972,FALSE,3
Travels with My Aunt,1972,TRUE,1
Butterflies Are Free,1972,FALSE,2
Butterflies Are Free,1972,TRUE,1
The Candidate,1972,FALSE,1
The Candidate,1972,TRUE,1
The Discreet Charm of the Bourgeoisie (Le charme discret de la bourgeoisie),1972,FALSE,1
The Discreet Charm of the Bourgeoisie (Le charme discret de la bourgeoisie),1972,TRUE,1
A Christmas Carol,1972,FALSE,0
A Christmas Carol,1972,TRUE,1
Limelight,1972,FALSE,0
Limelight,1972,TRUE,1
Marjoe,1972,FALSE,0
Marjoe,1972,TRUE,1
Norman Rockwell's World... An American Dream,1972,FALSE,0
Norman Rockwell's World... An American Dream,1972,TRUE,1
This Tiny World,1972,FALSE,0
This Tiny World,1972,TRUE,1
The French Connection,1971,FALSE,3
The French Connection,1971,TRUE,5
Fiddler on the Roof,1971,FALSE,5
Fiddler on the Roof,1971,TRUE,3
The Last Picture Show,1971,FALSE,6
The Last Picture Show,1971,TRUE,2
Nicholas and Alexandra,1971,FALSE,4
Nicholas and Alexandra,1971,TRUE,2
Sentinels of Silence,1971,FALSE,0
Sentinels of Silence,1971,TRUE,2
Bedknobs and Broomsticks,1971,FALSE,4
Bedknobs and Broomsticks,1971,TRUE,1
Summer of '42,1971,FALSE,3
Summer of '42,1971,TRUE,1
The Garden of the Finzi-Continis (Il Giardino dei Finzi-Contini),1971,FALSE,1
The Garden of the Finzi-Continis (Il Giardino dei Finzi-Contini),1971,TRUE,1
The Hospital,1971,FALSE,1
The Hospital,1971,TRUE,1
Klute,1971,FALSE,1
Klute,1971,TRUE,1
Shaft,1971,FALSE,1
Shaft,1971,TRUE,1
The Crunch Bird,1971,FALSE,0
The Crunch Bird,1971,TRUE,1
The Hellstrom Chronicle,1971,FALSE,0
The Hellstrom Chronicle,1971,TRUE,1
Patton,1970,FALSE,3
Patton,1970,TRUE,7
Ryan's Daughter,1970,FALSE,2
Ryan's Daughter,1970,TRUE,2
Airport,1970,FALSE,9
Airport,1970,TRUE,1
Love Story,1970,FALSE,6
Love Story,1970,TRUE,1
M*A*S*H,1970,FALSE,4
M*A*S*H,1970,TRUE,1
Tora! Tora! Tora!,1970,FALSE,4
Tora! Tora! Tora!,1970,TRUE,1
Women in Love,1970,FALSE,3
Women in Love,1970,TRUE,1
Lovers and Other Strangers,1970,FALSE,2
Lovers and Other Strangers,1970,TRUE,1
Woodstock,1970,FALSE,2
Woodstock,1970,TRUE,1
Cromwell,1970,FALSE,1
Cromwell,1970,TRUE,1
Investigation of a Citizen Above Suspicion (Indagine su un cittadino al di sopra di ogni sospetto),1970,FALSE,1
Investigation of a Citizen Above Suspicion (Indagine su un cittadino al di sopra di ogni sospetto),1970,TRUE,1
Interviews with My Lai Veterans,1970,FALSE,0
Interviews with My Lai Veterans,1970,TRUE,1
Is It Always Right to Be Right?,1970,FALSE,0
Is It Always Right to Be Right?,1970,TRUE,1
Let It Be,1970,FALSE,0
Let It Be,1970,TRUE,1
The Resurrection of Broncho Billy,1970,FALSE,0
The Resurrection of Broncho Billy,1970,TRUE,1
Midnight Cowboy,1969,FALSE,4
Midnight Cowboy,1969,TRUE,3
Butch Cassidy and the Sundance Kid,1969,FALSE,3
Butch Cassidy and the Sundance Kid,1969,TRUE,4
"Hello, Dolly!",1969,FALSE,4
"Hello, Dolly!",1969,TRUE,3
Z,1969,FALSE,3
Z,1969,TRUE,2
Anne of the Thousand Days,1969,FALSE,9
Anne of the Thousand Days,1969,TRUE,1
"They Shoot Horses, Don't They?",1969,FALSE,8
"They Shoot Horses, Don't They?",1969,TRUE,1
Marooned,1969,FALSE,2
Marooned,1969,TRUE,1
The Magic Machines,1969,FALSE,1
The Magic Machines,1969,TRUE,1
The Prime of Miss Jean Brodie,1969,FALSE,1
The Prime of Miss Jean Brodie,1969,TRUE,1
True Grit,1969,FALSE,1
True Grit,1969,TRUE,1
Arthur Rubinstein – The Love of Life (L'amour de la vie - Artur Rubinstein),1969,FALSE,0
Arthur Rubinstein – The Love of Life (L'amour de la vie - Artur Rubinstein),1969,TRUE,1
Cactus Flower,1969,FALSE,0
Cactus Flower,1969,TRUE,1
Czechoslovakia 1968,1969,FALSE,0
Czechoslovakia 1968,1969,TRUE,1
It's Tough to Be a Bird,1969,FALSE,0
It's Tough to Be a Bird,1969,TRUE,1
Oliver!,1968,FALSE,6
Oliver!,1968,TRUE,5
The Lion in Winter,1968,FALSE,4
The Lion in Winter,1968,TRUE,3
Romeo and Juliet,1968,FALSE,2
Romeo and Juliet,1968,TRUE,2
Funny Girl,1968,FALSE,7
Funny Girl,1968,TRUE,1
2001: A Space Odyssey,1968,FALSE,3
2001: A Space Odyssey,1968,TRUE,1
Bullitt,1968,FALSE,1
Bullitt,1968,TRUE,1
The Producers,1967,FALSE,1
The Producers,1967,TRUE,1
Rosemary's Baby,1968,FALSE,1
Rosemary's Baby,1968,TRUE,1
The Subject Was Roses,1968,FALSE,1
The Subject Was Roses,1968,TRUE,1
The Thomas Crown Affair,1968,FALSE,1
The Thomas Crown Affair,1968,TRUE,1
War and Peace (Voyna i mir),1968,FALSE,1
War and Peace (Voyna i mir),1968,TRUE,1
Charly,1968,FALSE,0
Charly,1968,TRUE,1
Journey into Self,1968,FALSE,0
Journey into Self,1968,TRUE,1
Robert Kennedy Remembered,1968,FALSE,0
Robert Kennedy Remembered,1968,TRUE,1
Why Man Creates,1968,FALSE,0
Why Man Creates,1968,TRUE,1
Winnie the Pooh and the Blustery Day,1968,FALSE,0
Winnie the Pooh and the Blustery Day,1968,TRUE,1
Planet of the Apes,1968,FALSE,2
Planet of the Apes,1968,TRUE,0
In the Heat of the Night,1967,FALSE,2
In the Heat of the Night,1967,TRUE,5
Camelot,1967,FALSE,2
Camelot,1967,TRUE,3
Bonnie and Clyde,1967,FALSE,8
Bonnie and Clyde,1967,TRUE,2
Guess Who's Coming to Dinner,1967,FALSE,8
Guess Who's Coming to Dinner,1967,TRUE,2
Doctor Dolittle,1967,FALSE,7
Doctor Dolittle,1967,TRUE,2
The Graduate,1967,FALSE,6
The Graduate,1967,TRUE,1
Thoroughly Modern Millie,1967,FALSE,6
Thoroughly Modern Millie,1967,TRUE,1
Cool Hand Luke,1967,FALSE,3
Cool Hand Luke,1967,TRUE,1
The Dirty Dozen,1967,FALSE,3
The Dirty Dozen,1967,TRUE,1
A Place to Stand,1967,FALSE,1
A Place to Stand,1967,TRUE,1
The Anderson Platoon (La Section Anderson),1967,FALSE,0
The Anderson Platoon (La Section Anderson),1967,TRUE,1
The Box,1967,FALSE,0
The Box,1967,TRUE,1
Closely Watched Trains (Ostre sledované vlaky),1967,FALSE,0
Closely Watched Trains (Ostre sledované vlaky),1967,TRUE,1
The Redwoods,1967,FALSE,0
The Redwoods,1967,TRUE,1
A Man for All Seasons,1966,FALSE,2
A Man for All Seasons,1966,TRUE,6
Who's Afraid of Virginia Woolf?,1966,FALSE,8
Who's Afraid of Virginia Woolf?,1966,TRUE,5
Grand Prix,1966,FALSE,0
Grand Prix,1966,TRUE,3
Fantastic Voyage,1966,FALSE,3
Fantastic Voyage,1966,TRUE,2
A Man and a Woman,1966,FALSE,2
A Man and a Woman,1966,TRUE,2
Born Free,1966,FALSE,0
Born Free,1966,TRUE,2
The Fortune Cookie,1966,FALSE,3
The Fortune Cookie,1966,TRUE,1
A Funny Thing Happened on the Way to the Forum,1966,FALSE,0
A Funny Thing Happened on the Way to the Forum,1966,TRUE,1
A Herb Alpert and the Tijuana Brass Double Feature,1966,FALSE,0
A Herb Alpert and the Tijuana Brass Double Feature,1966,TRUE,1
The War Game,1966,FALSE,0
The War Game,1966,TRUE,1
Wild Wings,1966,FALSE,0
Wild Wings,1966,TRUE,1
A Year Toward Tomorrow,1966,FALSE,0
A Year Toward Tomorrow,1966,TRUE,1
The Sound of Music,1965,FALSE,5
The Sound of Music,1965,TRUE,5
Doctor Zhivago,1965,FALSE,5
Doctor Zhivago,1965,TRUE,5
Darling,1965,FALSE,2
Darling,1965,TRUE,3
Ship of Fools,1965,FALSE,6
Ship of Fools,1965,TRUE,2
Cat Ballou,1965,FALSE,4
Cat Ballou,1965,TRUE,1
The Great Race,1965,FALSE,4
The Great Race,1965,TRUE,1
A Patch of Blue,1965,FALSE,4
A Patch of Blue,1965,TRUE,1
A Thousand Clowns,1965,FALSE,3
A Thousand Clowns,1965,TRUE,1
The Shop on Main Street (Obchod na korze),1965,FALSE,1
The Shop on Main Street (Obchod na korze),1965,TRUE,1
The Sandpiper,1965,FALSE,0
The Sandpiper,1965,TRUE,1
The Eleanor Roosevelt Story,1965,FALSE,0
The Eleanor Roosevelt Story,1965,TRUE,1
To Be Alive!,1965,FALSE,0
To Be Alive!,1965,TRUE,1
7 Faces of Dr. Lao,1964,FALSE,1
7 Faces of Dr. Lao,1964,TRUE,0
7th Heaven,1927,FALSE,2
7th Heaven,1927,TRUE,3
"20,000 Leagues Under the Sea",1954,FALSE,1
"20,000 Leagues Under the Sea",1954,TRUE,2
Adventures of Don Juan,1949,FALSE,1
Adventures of Don Juan,1949,TRUE,1
The Adventures of Robin Hood,1938,FALSE,1
The Adventures of Robin Hood,1938,TRUE,3
The African Queen,1951,FALSE,3
The African Queen,1951,TRUE,1
Air Force,1943,FALSE,3
Air Force,1943,TRUE,1
The Alamo,1960,FALSE,6
The Alamo,1960,TRUE,1
The Alaskan Eskimo,1953,FALSE,0
The Alaskan Eskimo,1953,TRUE,1
Albert Schweitzer,1957,FALSE,0
Albert Schweitzer,1957,TRUE,1
Alexander's Ragtime Band,1938,FALSE,5
Alexander's Ragtime Band,1938,TRUE,1
All About Eve,1950,FALSE,8
All About Eve,1950,TRUE,6
All Quiet on the Western Front,1929,FALSE,2
All Quiet on the Western Front,1929,TRUE,2
All That Money Can Buy,1941,FALSE,1
All That Money Can Buy,1941,TRUE,1
All the King's Men,1949,FALSE,4
All the King's Men,1949,TRUE,3
Ama Girls,1958,FALSE,0
Ama Girls,1958,TRUE,1
America America,1963,FALSE,3
America America,1963,TRUE,1
An American in Paris,1951,FALSE,2
An American in Paris,1951,TRUE,6
Amphibious Fighters,1943,FALSE,0
Amphibious Fighters,1943,TRUE,1
Anastasia,1956,FALSE,1
Anastasia,1956,TRUE,1
Anchors Aweigh,1945,FALSE,4
Anchors Aweigh,1945,TRUE,1
Anna and the King of Siam,1946,FALSE,3
Anna and the King of Siam,1946,TRUE,2
Annie Get Your Gun,1950,FALSE,3
Annie Get Your Gun,1950,TRUE,1
Anthony Adverse,1936,FALSE,3
Anthony Adverse,1936,TRUE,4
The Apartment,1960,FALSE,5
The Apartment,1960,TRUE,5
Aquatic House Party,1949,FALSE,0
Aquatic House Party,1949,TRUE,1
"Arise, My Love",1940,FALSE,3
"Arise, My Love",1940,TRUE,1
Around the World in 80 Days,1956,FALSE,3
Around the World in 80 Days,1956,TRUE,5
The Awful Truth,1937,FALSE,5
The Awful Truth,1937,TRUE,1
The Bachelor and the Bobby-Soxer,1947,FALSE,0
The Bachelor and the Bobby-Soxer,1947,TRUE,1
The Bad and the Beautiful,1952,FALSE,1
The Bad and the Beautiful,1952,TRUE,5
Bad Girl,1931,FALSE,1
Bad Girl,1931,TRUE,2
The Barefoot Contessa,1954,FALSE,1
The Barefoot Contessa,1954,TRUE,1
The Battle of Midway,1942,FALSE,0
The Battle of Midway,1942,TRUE,1
Battleground,1949,FALSE,4
Battleground,1949,TRUE,2
Bear Country,1953,FALSE,0
Bear Country,1953,TRUE,1
Becket,1964,FALSE,11
Becket,1964,TRUE,1
The Bells of St. Mary's,1945,FALSE,7
The Bells of St. Mary's,1945,TRUE,1
Ben-Hur,1959,FALSE,1
Ben-Hur,1959,TRUE,11
Benjy,1951,FALSE,0
Benjy,1951,TRUE,1
The Bespoke Overcoat,1956,FALSE,0
The Bespoke Overcoat,1956,TRUE,1
The Best Years of Our Lives,1946,FALSE,1
The Best Years of Our Lives,1946,TRUE,7
Beyond the Line of Duty,1942,FALSE,0
Beyond the Line of Duty,1942,TRUE,1
Bicycle Thieves,1949,FALSE,1
Bicycle Thieves,1949,TRUE,0
The Big Broadcast of 1938,1938,FALSE,0
The Big Broadcast of 1938,1938,TRUE,1
The Big Country,1958,FALSE,1
The Big Country,1958,TRUE,1
The Big House,1929,FALSE,2
The Big House,1929,TRUE,2
Birds Anonymous,1957,FALSE,0
Birds Anonymous,1957,TRUE,1
The Bishop's Wife,1947,FALSE,4
The Bishop's Wife,1947,TRUE,1
Black Fox: The Rise and Fall of Adolf Hitler (The Black Fox),1962,FALSE,0
Black Fox: The Rise and Fall of Adolf Hitler (The Black Fox),1962,TRUE,1
Black Narcissus,1947,FALSE,0
Black Narcissus,1947,TRUE,2
Black Orpheus (Orfeu Negro),1959,FALSE,0
Black Orpheus (Orfeu Negro),1959,TRUE,1
The Black Swan,1942,FALSE,2
The Black Swan,1942,TRUE,1
Blithe Spirit,1946,FALSE,0
Blithe Spirit,1946,TRUE,1
Blood and Sand,1941,FALSE,1
Blood and Sand,1941,TRUE,1
Blood on the Sun,1945,FALSE,0
Blood on the Sun,1945,TRUE,1
Blossoms in the Dust,1941,FALSE,3
Blossoms in the Dust,1941,TRUE,1
Body and Soul,1947,FALSE,2
Body and Soul,1947,TRUE,1
Bored of Education,1936,FALSE,0
Bored of Education,1936,TRUE,1
Born Yesterday,1950,FALSE,4
Born Yesterday,1950,TRUE,1
A Boy and His Dog,1946,FALSE,0
A Boy and His Dog,1946,TRUE,1
Boys Town,1938,FALSE,3
Boys Town,1938,TRUE,2
The Brave One,1956,FALSE,2
The Brave One,1956,TRUE,1
Breakfast at Tiffany's,1961,FALSE,3
Breakfast at Tiffany's,1961,TRUE,2
Breaking the Sound Barrier,1952,FALSE,1
Breaking the Sound Barrier,1952,TRUE,1
The Bridge of San Luis Rey,1928,FALSE,0
The Bridge of San Luis Rey,1928,TRUE,1
The Bridge on the River Kwai,1957,FALSE,1
The Bridge on the River Kwai,1957,TRUE,7
The Bridges at Toko-Ri,1955,FALSE,1
The Bridges at Toko-Ri,1955,TRUE,1
Broadway Melody of 1936,1935,FALSE,2
Broadway Melody of 1936,1935,TRUE,1
The Broadway Melody,1928,FALSE,2
The Broadway Melody,1928,TRUE,1
Broken Lance,1954,FALSE,1
Broken Lance,1954,TRUE,1
Busy Little Bears,1939,FALSE,0
Busy Little Bears,1939,TRUE,1
BUtterfield 8,1960,FALSE,1
BUtterfield 8,1960,TRUE,1
Calamity Jane,1953,FALSE,2
Calamity Jane,1953,TRUE,1
Call Me Madam,1953,FALSE,1
Call Me Madam,1953,TRUE,1
"Captain Carey, U.S.A.",1950,FALSE,0
"Captain Carey, U.S.A.",1950,TRUE,1
Captains Courageous,1937,FALSE,3
Captains Courageous,1937,TRUE,1
Casablanca,1943,FALSE,5
Casablanca,1943,TRUE,3
Casals Conducts: 1964,1964,FALSE,0
Casals Conducts: 1964,1964,TRUE,1
The Cat Concerto,1946,FALSE,0
The Cat Concerto,1946,TRUE,1
Cavalcade,1932,FALSE,1
Cavalcade,1932,TRUE,3
Chagall,1963,FALSE,0
Chagall,1963,TRUE,1
The Champ,1931,FALSE,2
The Champ,1931,TRUE,2
Champion,1949,FALSE,5
Champion,1949,TRUE,1
A Chance to Live,1949,FALSE,0
A Chance to Live,1949,TRUE,1
The Charge of the Light Brigade,1936,FALSE,2
The Charge of the Light Brigade,1936,TRUE,1
The Chicken (Le Poulet),1965,FALSE,0
The Chicken (Le Poulet),1965,TRUE,1
Churchill's Island,1941,FALSE,0
Churchill's Island,1941,TRUE,1
Cimarron,1930,FALSE,4
Cimarron,1930,TRUE,3
Citizen Kane,1941,FALSE,8
Citizen Kane,1941,TRUE,1
City of Wax,1934,FALSE,0
City of Wax,1934,TRUE,1
Cleopatra,1934,FALSE,4
Cleopatra,1934,TRUE,1
Cleopatra,1963,FALSE,5
Cleopatra,1963,TRUE,4
Climbing the Matterhorn,1947,FALSE,0
Climbing the Matterhorn,1947,TRUE,1
Come and Get It,1936,FALSE,1
Come and Get It,1936,TRUE,1
"Come Back, Little Sheba",1952,FALSE,2
"Come Back, Little Sheba",1952,TRUE,1
Coquette,1928,FALSE,0
Coquette,1928,TRUE,1
The Country Cousin,1936,FALSE,0
The Country Cousin,1936,TRUE,1
The Country Girl,1954,FALSE,5
The Country Girl,1954,TRUE,2
Cover Girl,1944,FALSE,4
Cover Girl,1944,TRUE,1
The Cowboy and the Lady,1938,FALSE,2
The Cowboy and the Lady,1938,TRUE,1
Crash Dive,1943,FALSE,0
Crash Dive,1943,TRUE,1
Crashing the Water Barrier,1956,FALSE,0
Crashing the Water Barrier,1956,TRUE,1
The Critic,1963,FALSE,0
The Critic,1963,TRUE,1
La Cucaracha,1934,FALSE,0
La Cucaracha,1934,TRUE,1
Cyrano de Bergerac,1950,FALSE,0
Cyrano de Bergerac,1950,TRUE,1
A Damsel in Distress,1937,FALSE,1
A Damsel in Distress,1937,TRUE,1
Dangerous,1935,FALSE,0
Dangerous,1935,TRUE,1
The Dark Angel,1935,FALSE,2
The Dark Angel,1935,TRUE,1
The Dawn Patrol,1930,FALSE,0
The Dawn Patrol,1930,TRUE,1
Day of the Painter,1960,FALSE,0
Day of the Painter,1960,TRUE,1
Daybreak in Udi,1949,FALSE,0
Daybreak in Udi,1949,TRUE,1
Days of Wine and Roses,1962,FALSE,4
Days of Wine and Roses,1962,TRUE,1
December 7th,1943,FALSE,0
December 7th,1943,TRUE,1
Declaration of Independence,1938,FALSE,0
Declaration of Independence,1938,TRUE,1
The Defiant Ones,1958,FALSE,7
The Defiant Ones,1958,TRUE,2
Der Fuehrer's Face,1942,FALSE,0
Der Fuehrer's Face,1942,TRUE,1
Desert Victory,1943,FALSE,0
Desert Victory,1943,TRUE,1
Design for Death,1947,FALSE,0
Design for Death,1947,TRUE,1
Designing Woman,1957,FALSE,0
Designing Woman,1957,TRUE,1
Destination Moon,1950,FALSE,1
Destination Moon,1950,TRUE,1
The Diary of Anne Frank,1959,FALSE,5
The Diary of Anne Frank,1959,TRUE,3
Disraeli,1929,FALSE,2
Disraeli,1929,TRUE,1
The Divine Lady,1928,FALSE,2
The Divine Lady,1928,TRUE,1
Divorce Italian Style,1962,FALSE,2
Divorce Italian Style,1962,TRUE,1
The Divorcee,1929,FALSE,3
The Divorcee,1929,TRUE,1
Dodsworth,1936,FALSE,6
Dodsworth,1936,TRUE,1
The Dot and the Line (The Dot and the Line: A Romance in Lower Mathematics),1965,FALSE,0
The Dot and the Line (The Dot and the Line: A Romance in Lower Mathematics),1965,TRUE,1
A Double Life,1947,FALSE,2
A Double Life,1947,TRUE,2
The Dove,1927,FALSE,0
The Dove,1927,TRUE,1
Dr. Jekyll and Mr. Hyde,1931,FALSE,2
Dr. Jekyll and Mr. Hyde,1931,TRUE,1
Dumbo,1941,FALSE,1
Dumbo,1941,TRUE,1
Dylan Thomas,1962,FALSE,0
Dylan Thomas,1962,TRUE,1
East of Eden,1955,FALSE,3
East of Eden,1955,TRUE,1
Easter Parade,1948,FALSE,0
Easter Parade,1948,TRUE,1
Elmer Gantry,1960,FALSE,2
Elmer Gantry,1960,TRUE,3
The Enemy Below,1957,FALSE,0
The Enemy Below,1957,TRUE,1
Eskimo,1934,FALSE,0
Eskimo,1934,TRUE,1
Exodus,1960,FALSE,2
Exodus,1960,TRUE,1
The Face of Lincoln,1955,FALSE,1
The Face of Lincoln,1955,TRUE,1
Facing Your Danger,1946,FALSE,0
Facing Your Danger,1946,TRUE,1
The Facts of Life,1960,FALSE,4
The Facts of Life,1960,TRUE,1
A Farewell to Arms,1932,FALSE,2
A Farewell to Arms,1932,TRUE,2
The Farmer's Daughter,1947,FALSE,1
The Farmer's Daughter,1947,TRUE,1
Father Goose,1964,FALSE,2
Father Goose,1964,TRUE,1
Federico Fellini's 8½,1963,FALSE,3
Federico Fellini's 8½,1963,TRUE,2
Ferdinand the Bull,1938,FALSE,0
Ferdinand the Bull,1938,TRUE,1
The Fighting Lady,1944,FALSE,0
The Fighting Lady,1944,TRUE,1
First Steps,1947,FALSE,0
First Steps,1947,TRUE,1
Flowers and Trees,1931,FALSE,0
Flowers and Trees,1931,TRUE,1
Folies Bergere,1935,FALSE,0
Folies Bergere,1935,TRUE,1
For Scent-imental Reasons,1949,FALSE,0
For Scent-imental Reasons,1949,TRUE,1
For Whom the Bell Tolls,1943,FALSE,8
For Whom the Bell Tolls,1943,TRUE,1
Forbidden Games,1952,FALSE,1
Forbidden Games,1952,TRUE,0
A Free Soul,1930,FALSE,2
A Free Soul,1930,TRUE,1
Frenchman's Creek,1945,FALSE,0
Frenchman's Creek,1945,TRUE,1
From Here to Eternity,1953,FALSE,5
From Here to Eternity,1953,TRUE,8
The Garden of Allah,1936,FALSE,2
The Garden of Allah,1936,TRUE,0
Gaslight,1944,FALSE,5
Gaslight,1944,TRUE,2
Gate of Hell (Jigokumon),1954,FALSE,0
Gate of Hell (Jigokumon),1954,TRUE,1
The Gay Divorcee,1934,FALSE,4
The Gay Divorcee,1934,TRUE,1
Gentleman's Agreement,1947,FALSE,5
Gentleman's Agreement,1947,TRUE,3
Gerald McBoing-Boing,1950,FALSE,0
Gerald McBoing-Boing,1950,TRUE,1
Giant,1956,FALSE,9
Giant,1956,TRUE,1
Gigi,1958,FALSE,0
Gigi,1958,TRUE,9
Giuseppina,1960,FALSE,0
Giuseppina,1960,TRUE,1
Give Me Liberty,1936,FALSE,0
Give Me Liberty,1936,TRUE,1
Glass (Glas),1959,FALSE,0
Glass (Glas),1959,TRUE,1
The Glenn Miller Story,1954,FALSE,2
The Glenn Miller Story,1954,TRUE,1
Going My Way,1944,FALSE,3
Going My Way,1944,TRUE,7
Gold Diggers of 1935,1935,FALSE,1
Gold Diggers of 1935,1935,TRUE,1
The Golden Fish (Histoire d'un poisson rouge),1959,FALSE,0
The Golden Fish (Histoire d'un poisson rouge),1959,TRUE,1
Goldfinger,1964,FALSE,0
Goldfinger,1964,TRUE,1
Gone with the Wind,1939,FALSE,5
Gone with the Wind,1939,TRUE,8
The Good Earth,1937,FALSE,3
The Good Earth,1937,TRUE,2
"Goodbye, Miss Turlock",1947,FALSE,0
"Goodbye, Miss Turlock",1947,TRUE,1
"Goodbye, Mr. Chips",1939,FALSE,6
"Goodbye, Mr. Chips",1939,TRUE,1
Grand Canyon,1958,FALSE,0
Grand Canyon,1958,TRUE,1
Grand Hotel,1931,FALSE,0
Grand Hotel,1931,TRUE,1
Grandad of Races,1950,FALSE,0
Grandad of Races,1950,TRUE,1
The Grapes of Wrath,1940,FALSE,5
The Grapes of Wrath,1940,TRUE,2
The Great Caruso,1951,FALSE,2
The Great Caruso,1951,TRUE,1
Great Expectations,1947,FALSE,3
Great Expectations,1947,TRUE,2
The Great Lie,1941,FALSE,0
The Great Lie,1941,TRUE,1
The Great McGinty,1940,FALSE,0
The Great McGinty,1940,TRUE,1
The Great Waltz,1938,FALSE,2
The Great Waltz,1938,TRUE,1
The Great Ziegfeld,1936,FALSE,4
The Great Ziegfeld,1936,TRUE,3
The Greatest Show on Earth,1952,FALSE,3
The Greatest Show on Earth,1952,TRUE,2
Green Dolphin Street,1947,FALSE,3
Green Dolphin Street,1947,TRUE,1
The Guns of Navarone,1961,FALSE,6
The Guns of Navarone,1961,TRUE,1
Hamlet,1948,FALSE,3
Hamlet,1948,TRUE,4
Happy Anniversary (Heureux Anniversaire),1962,FALSE,0
Happy Anniversary (Heureux Anniversaire),1962,TRUE,1
Harvey,1950,FALSE,1
Harvey,1950,TRUE,1
The Harvey Girls,1946,FALSE,1
The Harvey Girls,1946,TRUE,1
Heavenly Music,1943,FALSE,0
Heavenly Music,1943,TRUE,1
The Heiress,1949,FALSE,4
The Heiress,1949,TRUE,4
Helen Keller in Her Story (The Unconquered),1955,FALSE,0
Helen Keller in Her Story (The Unconquered),1955,TRUE,1
"Hello, Frisco, Hello",1943,FALSE,1
"Hello, Frisco, Hello",1943,TRUE,1
Henry V,1946,FALSE,4
Henry V,1946,TRUE,0
Here Comes Mr. Jordan,1941,FALSE,5
Here Comes Mr. Jordan,1941,TRUE,2
Here Comes the Groom,1951,FALSE,1
Here Comes the Groom,1951,TRUE,1
The High and the Mighty,1954,FALSE,5
The High and the Mighty,1954,TRUE,1
High Noon,1952,FALSE,3
High Noon,1952,TRUE,4
Hitler Lives,1945,FALSE,0
Hitler Lives,1945,TRUE,1
A Hole in the Head,1959,FALSE,0
A Hole in the Head,1959,TRUE,1
The Hole,1962,FALSE,0
The Hole,1962,TRUE,1
Holiday Inn,1942,FALSE,2
Holiday Inn,1942,TRUE,1
The Horse with the Flying Tail,1960,FALSE,0
The Horse with the Flying Tail,1960,TRUE,1
The House on 92nd Street,1945,FALSE,0
The House on 92nd Street,1945,TRUE,1
How Green Was My Valley,1941,FALSE,5
How Green Was My Valley,1941,TRUE,5
How the West Was Won,1963,FALSE,5
How the West Was Won,1963,TRUE,3
How to Sleep,1935,FALSE,0
How to Sleep,1935,TRUE,1
Hud,1963,FALSE,4
Hud,1963,TRUE,3
The Human Comedy,1943,FALSE,4
The Human Comedy,1943,TRUE,1
The Hurricane,1937,FALSE,2
The Hurricane,1937,TRUE,1
The Hustler,1961,FALSE,7
The Hustler,1961,TRUE,2
I Want to Live!,1958,FALSE,5
I Want to Live!,1958,TRUE,1
I Wanted Wings,1941,FALSE,0
I Wanted Wings,1941,TRUE,1
I Won't Play,1944,FALSE,0
I Won't Play,1944,TRUE,1
I'll Cry Tomorrow,1955,FALSE,3
I'll Cry Tomorrow,1955,TRUE,1
In Beaver Valley,1950,FALSE,0
In Beaver Valley,1950,TRUE,1
In Old Arizona,1928,FALSE,4
In Old Arizona,1928,TRUE,1
In Old Chicago,1937,FALSE,4
In Old Chicago,1937,TRUE,2
In Which We Serve,1942,FALSE,2
In Which We Serve,1942,TRUE,0
The Informer,1935,FALSE,2
The Informer,1935,TRUE,4
Interrupted Melody,1955,FALSE,2
Interrupted Melody,1955,TRUE,1
The Invaders,1942,FALSE,2
The Invaders,1942,TRUE,1
Irma la Douce,1963,FALSE,2
Irma la Douce,1963,TRUE,1
It Happened One Night,1934,FALSE,0
It Happened One Night,1934,TRUE,5
"It's a Mad, Mad, Mad, Mad World",1963,FALSE,5
"It's a Mad, Mad, Mad, Mad World",1963,TRUE,1
The Jazz Singer,1927,FALSE,1
The Jazz Singer,1927,TRUE,0
Jezebel,1938,FALSE,3
Jezebel,1938,TRUE,2
Joan of Arc,1948,FALSE,5
Joan of Arc,1948,TRUE,2
Johann Mouse,1952,FALSE,0
Johann Mouse,1952,TRUE,1
Johnny Belinda,1948,FALSE,11
Johnny Belinda,1948,TRUE,1
Johnny Eager,1942,FALSE,0
Johnny Eager,1942,TRUE,1
The Joker Is Wild,1957,FALSE,0
The Joker Is Wild,1957,TRUE,1
The Jolson Story,1946,FALSE,4
The Jolson Story,1946,TRUE,2
Judgment at Nuremberg,1961,FALSE,9
Judgment at Nuremberg,1961,TRUE,2
Julius Caesar,1953,FALSE,4
Julius Caesar,1953,TRUE,1
Kentucky,1938,FALSE,0
Kentucky,1938,TRUE,1
Key Largo,1948,FALSE,0
Key Largo,1948,TRUE,1
The King and I,1956,FALSE,4
The King and I,1956,TRUE,5
King of Jazz,1929,FALSE,0
King of Jazz,1929,TRUE,1
King Solomon's Mines,1950,FALSE,1
King Solomon's Mines,1950,TRUE,2
Kitty Foyle (Kitty Foyle: The Natural History of a Woman),1940,FALSE,4
Kitty Foyle (Kitty Foyle: The Natural History of a Woman),1940,TRUE,1
Knighty Knight Bugs,1958,FALSE,0
Knighty Knight Bugs,1958,TRUE,1
Kokoda Front Line!,1942,FALSE,0
Kokoda Front Line!,1942,TRUE,1
Kon-Tiki,1950,FALSE,0
Kon-Tiki,1950,TRUE,1
Krakatoa,1932,FALSE,0
Krakatoa,1932,TRUE,1
La Strada (The Road),1956,FALSE,1
La Strada (The Road),1956,TRUE,1
La Dolce Vita,1961,FALSE,3
La Dolce Vita,1961,TRUE,1
Lady Be Good,1941,FALSE,0
Lady Be Good,1941,TRUE,1
The Last Command,1927,FALSE,1
The Last Command,1927,TRUE,1
Laura,1944,FALSE,4
Laura,1944,TRUE,1
The Lavender Hill Mob,1952,FALSE,1
The Lavender Hill Mob,1952,TRUE,1
Lawrence of Arabia,1962,FALSE,3
Lawrence of Arabia,1962,TRUE,7
Leave Her to Heaven,1945,FALSE,3
Leave Her to Heaven,1945,TRUE,1
Lend a Paw,1941,FALSE,0
Lend a Paw,1941,TRUE,1
Les Girls,1957,FALSE,2
Les Girls,1957,TRUE,1
A Letter to Three Wives,1949,FALSE,1
A Letter to Three Wives,1949,TRUE,2
The Life of Emile Zola,1937,FALSE,7
The Life of Emile Zola,1937,TRUE,3
Light in the Window,1952,FALSE,0
Light in the Window,1952,TRUE,1
Lili,1953,FALSE,5
Lili,1953,TRUE,1
Lilies of the Field,1963,FALSE,4
Lilies of the Field,1963,TRUE,1
The Little Orphan,1948,FALSE,0
The Little Orphan,1948,TRUE,1
Little Women,1932,FALSE,2
Little Women,1932,TRUE,1
Little Women,1949,FALSE,1
Little Women,1949,TRUE,1
The Lives of a Bengal Lancer,1935,FALSE,6
The Lives of a Bengal Lancer,1935,TRUE,1
The Living Desert,1953,FALSE,0
The Living Desert,1953,TRUE,1
The Longest Day,1962,FALSE,3
The Longest Day,1962,TRUE,2
Lost Horizon,1937,FALSE,5
Lost Horizon,1937,TRUE,2
The Lost Weekend,1945,FALSE,3
The Lost Weekend,1945,TRUE,4
Love Is a Many-Splendored Thing,1955,FALSE,5
Love Is a Many-Splendored Thing,1955,TRUE,3
Love Me or Leave Me,1955,FALSE,5
Love Me or Leave Me,1955,TRUE,1
Lust for Life,1956,FALSE,3
Lust for Life,1956,TRUE,1
Magoo's Puddle Jumper,1956,FALSE,0
Magoo's Puddle Jumper,1956,TRUE,1
Main Street on the March!,1941,FALSE,0
Main Street on the March!,1941,TRUE,1
The Man Who Knew Too Much,1956,FALSE,0
The Man Who Knew Too Much,1956,TRUE,1
Manhattan Melodrama,1934,FALSE,0
Manhattan Melodrama,1934,TRUE,1
Marie-Louise,1945,FALSE,0
Marie-Louise,1945,TRUE,1
Marty,1955,FALSE,4
Marty,1955,TRUE,4
Mary Poppins,1964,FALSE,8
Mary Poppins,1964,TRUE,5
Men Against the Arctic,1955,FALSE,0
Men Against the Arctic,1955,TRUE,1
The Merry Widow,1934,FALSE,0
The Merry Widow,1934,TRUE,1
A Midsummer Night's Dream,1935,FALSE,2
A Midsummer Night's Dream,1935,TRUE,2
Mighty Joe Young,1949,FALSE,0
Mighty Joe Young,1949,TRUE,1
Mildred Pierce,1945,FALSE,5
Mildred Pierce,1945,TRUE,1
The Milky Way,1940,FALSE,0
The Milky Way,1940,TRUE,1
Min and Bill,1930,FALSE,0
Min and Bill,1930,TRUE,1
Miracle on 34th Street,1947,FALSE,1
Miracle on 34th Street,1947,TRUE,3
The Miracle Worker,1962,FALSE,3
The Miracle Worker,1962,TRUE,2
Mister Roberts,1955,FALSE,2
Mister Roberts,1955,TRUE,1
Moonbird,1959,FALSE,0
Moonbird,1959,TRUE,1
The More the Merrier,1943,FALSE,5
The More the Merrier,1943,TRUE,1
Morning Glory,1932,FALSE,0
Morning Glory,1932,TRUE,1
Moscow Strikes Back,1942,FALSE,0
Moscow Strikes Back,1942,TRUE,1
Mother Wore Tights,1947,FALSE,2
Mother Wore Tights,1947,TRUE,1
Moulin Rouge,1952,FALSE,5
Moulin Rouge,1952,TRUE,2
Mouse Trouble,1944,FALSE,0
Mouse Trouble,1944,TRUE,1
Mr. Deeds Goes to Town,1936,FALSE,4
Mr. Deeds Goes to Town,1936,TRUE,1
Mr. Smith Goes to Washington,1939,FALSE,10
Mr. Smith Goes to Washington,1939,TRUE,1
Mrs. Miniver,1942,FALSE,6
Mrs. Miniver,1942,TRUE,6
Munro,1960,FALSE,0
Munro,1960,TRUE,1
The Music Box,1931,FALSE,0
The Music Box,1931,TRUE,1
The Music Man,1962,FALSE,5
The Music Man,1962,TRUE,1
Mutiny on the Bounty,1935,FALSE,7
Mutiny on the Bounty,1935,TRUE,1
My Fair Lady,1964,FALSE,4
My Fair Lady,1964,TRUE,8
My Uncle (Mon oncle),1958,FALSE,0
My Uncle (Mon oncle),1958,TRUE,1
My Gal Sal,1942,FALSE,1
My Gal Sal,1942,TRUE,1
The Naked City,1948,FALSE,1
The Naked City,1948,TRUE,2
National Velvet,1945,FALSE,3
National Velvet,1945,TRUE,2
Nature's Half Acre,1951,FALSE,0
Nature's Half Acre,1951,TRUE,1
Naughty Marietta,1935,FALSE,1
Naughty Marietta,1935,TRUE,1
Neighbours,1952,FALSE,1
Neighbours,1952,TRUE,1
Neptune's Daughter,1949,FALSE,0
Neptune's Daughter,1949,TRUE,1
Never on Sunday (Pote tin Kyriaki),1960,FALSE,4
Never on Sunday (Pote tin Kyriaki),1960,TRUE,1
The Night of the Iguana,1964,FALSE,3
The Night of the Iguana,1964,TRUE,1
Nights of Cabiria (Le Notti di Cabiria),1957,FALSE,0
Nights of Cabiria (Le Notti di Cabiria),1957,TRUE,1
Nine from Little Rock,1964,FALSE,0
Nine from Little Rock,1964,TRUE,1
None But the Lonely Heart,1944,FALSE,3
None But the Lonely Heart,1944,TRUE,1
North West Mounted Police,1940,FALSE,4
North West Mounted Police,1940,TRUE,1
"Now, Voyager",1942,FALSE,2
"Now, Voyager",1942,TRUE,1
An Occurrence at Owl Creek Bridge,1963,FALSE,0
An Occurrence at Owl Creek Bridge,1963,TRUE,1
Of Pups and Puzzles,1941,FALSE,0
Of Pups and Puzzles,1941,TRUE,1
Oklahoma!,1955,FALSE,2
Oklahoma!,1955,TRUE,2
The Old Man and the Sea,1958,FALSE,2
The Old Man and the Sea,1958,TRUE,1
The Old Mill,1937,FALSE,0
The Old Mill,1937,TRUE,1
On the Town,1949,FALSE,0
On the Town,1949,TRUE,1
On the Waterfront,1954,FALSE,4
On the Waterfront,1954,TRUE,8
One Hundred Men and a Girl,1937,FALSE,4
One Hundred Men and a Girl,1937,TRUE,1
One Night of Love,1934,FALSE,4
One Night of Love,1934,TRUE,2
One Way Passage,1932,FALSE,0
One Way Passage,1932,TRUE,1
Overture to The Merry Wives of Windsor,1953,FALSE,0
Overture to The Merry Wives of Windsor,1953,TRUE,1
The Paleface,1948,FALSE,0
The Paleface,1948,TRUE,1
Panic in the Streets,1950,FALSE,0
Panic in the Streets,1950,TRUE,1
Papa's Delicate Condition,1963,FALSE,0
Papa's Delicate Condition,1963,TRUE,1
The Patriot,1928,FALSE,4
The Patriot,1928,TRUE,1
Penny Wisdom,1937,FALSE,0
Penny Wisdom,1937,TRUE,1
Phantom of the Opera,1943,FALSE,2
Phantom of the Opera,1943,TRUE,2
The Philadelphia Story,1940,FALSE,4
The Philadelphia Story,1940,TRUE,2
Picnic,1955,FALSE,4
Picnic,1955,TRUE,2
The Picture of Dorian Gray,1945,FALSE,2
The Picture of Dorian Gray,1945,TRUE,1
Pillow Talk,1959,FALSE,4
Pillow Talk,1959,TRUE,1
The Pink Phink,1964,FALSE,0
The Pink Phink,1964,TRUE,1
Pinocchio,1940,FALSE,0
Pinocchio,1940,TRUE,2
A Place in the Sun,1951,FALSE,3
A Place in the Sun,1951,TRUE,6
Plymouth Adventure,1952,FALSE,0
Plymouth Adventure,1952,TRUE,1
Porgy and Bess,1959,FALSE,3
Porgy and Bess,1959,TRUE,1
Portrait of Jennie,1948,FALSE,1
Portrait of Jennie,1948,TRUE,1
Prelude to War,1942,FALSE,0
Prelude to War,1942,TRUE,1
Pride and Prejudice,1940,FALSE,0
Pride and Prejudice,1940,TRUE,1
The Pride of the Yankees,1942,FALSE,10
The Pride of the Yankees,1942,TRUE,1
Princess O'Rourke,1943,FALSE,0
Princess O'Rourke,1943,TRUE,1
The Private Life of Henry VIII,1932,FALSE,1
The Private Life of Henry VIII,1932,TRUE,1
The Private Life of the Gannets,1937,FALSE,0
The Private Life of the Gannets,1937,TRUE,1
Project Hope,1961,FALSE,0
Project Hope,1961,TRUE,1
The Public Pays,1936,FALSE,0
The Public Pays,1936,TRUE,1
Pygmalion,1938,FALSE,3
Pygmalion,1938,TRUE,1
Quicker'n a Wink,1940,FALSE,0
Quicker'n a Wink,1940,TRUE,1
The Quiet Man,1952,FALSE,5
The Quiet Man,1952,TRUE,2
Quiet Please!,1945,FALSE,0
Quiet Please!,1945,TRUE,1
The Rains Came,1939,FALSE,5
The Rains Came,1939,TRUE,1
Rashomon,1951,FALSE,1
Rashomon,1951,TRUE,0
The Razor's Edge,1946,FALSE,3
The Razor's Edge,1946,TRUE,1
Reap the Wild Wind,1942,FALSE,2
Reap the Wild Wind,1942,TRUE,1
Rebecca,1940,FALSE,9
Rebecca,1940,TRUE,2
The Red Balloon (Le ballon rouge),1956,FALSE,0
The Red Balloon (Le ballon rouge),1956,TRUE,1
The Red Shoes,1948,FALSE,3
The Red Shoes,1948,TRUE,2
The Robe,1953,FALSE,3
The Robe,1953,TRUE,2
Robert Frost: A Lover's Quarrel with the World,1963,FALSE,0
Robert Frost: A Lover's Quarrel with the World,1963,TRUE,1
Roman Holiday,1953,FALSE,7
Roman Holiday,1953,TRUE,3
Room at the Top,1959,FALSE,4
Room at the Top,1959,TRUE,2
The Rose Tattoo,1955,FALSE,5
The Rose Tattoo,1955,TRUE,3
Sabrina,1954,FALSE,5
Sabrina,1954,TRUE,1
Samson and Delilah,1950,FALSE,3
Samson and Delilah,1950,TRUE,2
San Francisco,1936,FALSE,5
San Francisco,1936,TRUE,1
Sayonara,1957,FALSE,6
Sayonara,1957,TRUE,4
The Scoundrel,1935,FALSE,0
The Scoundrel,1935,TRUE,1
The Sea Around Us,1952,FALSE,0
The Sea Around Us,1952,TRUE,1
Seal Island,1948,FALSE,0
Seal Island,1948,TRUE,1
The Search,1948,FALSE,3
The Search,1948,TRUE,1
Seawards the Great Ships,1961,FALSE,0
Seawards the Great Ships,1961,TRUE,1
The Secret Land,1948,FALSE,0
The Secret Land,1948,TRUE,1
Seeds of Destiny,1946,FALSE,0
Seeds of Destiny,1946,TRUE,1
Separate Tables,1958,FALSE,5
Separate Tables,1958,TRUE,2
Serengeti Shall Not Die (Serengeti darf nicht sterben),1959,FALSE,0
Serengeti Shall Not Die (Serengeti darf nicht sterben),1959,TRUE,1
Sergeant York,1941,FALSE,9
Sergeant York,1941,TRUE,2
Seven Brides for Seven Brothers,1954,FALSE,4
Seven Brides for Seven Brothers,1954,TRUE,1
Seven Days to Noon,1951,FALSE,0
Seven Days to Noon,1951,TRUE,1
The Seventh Veil,1946,FALSE,0
The Seventh Veil,1946,TRUE,1
Shane,1953,FALSE,5
Shane,1953,TRUE,1
Shanghai Express,1931,FALSE,2
Shanghai Express,1931,TRUE,1
She Wore a Yellow Ribbon,1949,FALSE,0
She Wore a Yellow Ribbon,1949,TRUE,1
Shoeshine (Sciuscià),1947,FALSE,1
Shoeshine (Sciuscià),1947,TRUE,0
The Silent World (Le Monde du silence),1956,FALSE,0
The Silent World (Le Monde du silence),1956,TRUE,1
The Sin of Madelon Claudet,1931,FALSE,0
The Sin of Madelon Claudet,1931,TRUE,1
Since You Went Away,1944,FALSE,8
Since You Went Away,1944,TRUE,1
Skippy,1930,FALSE,3
Skippy,1930,TRUE,1
Sky Above and Mud Beneath (Le Ciel et la boue),1961,FALSE,0
Sky Above and Mud Beneath (Le Ciel et la boue),1961,TRUE,1
The Snake Pit,1948,FALSE,5
The Snake Pit,1948,TRUE,1
Snow White and the Seven Dwarfs,1937,FALSE,1
Snow White and the Seven Dwarfs,1937,TRUE,0
So Much for So Little,1949,FALSE,0
So Much for So Little,1949,TRUE,1
So This Is Harris!,1932,FALSE,0
So This Is Harris!,1932,TRUE,1
The Solid Gold Cadillac,1956,FALSE,1
The Solid Gold Cadillac,1956,TRUE,1
Some Like It Hot,1959,FALSE,5
Some Like It Hot,1959,TRUE,1
Somebody Up There Likes Me,1956,FALSE,1
Somebody Up There Likes Me,1956,TRUE,2
The Song of Bernadette,1943,FALSE,8
The Song of Bernadette,1943,TRUE,4
Song of the South,1947,FALSE,1
Song of the South,1947,TRUE,1
Song Without End,1960,FALSE,0
Song Without End,1960,TRUE,1
Sons and Lovers,1960,FALSE,6
Sons and Lovers,1960,TRUE,1
Sons of Liberty,1939,FALSE,0
Sons of Liberty,1939,TRUE,1
South Pacific,1958,FALSE,2
South Pacific,1958,TRUE,1
Spartacus,1960,FALSE,2
Spartacus,1960,TRUE,4
Speaking of Animals and Their Families,1942,FALSE,0
Speaking of Animals and Their Families,1942,TRUE,1
Speedy Gonzales,1955,FALSE,0
Speedy Gonzales,1955,TRUE,1
Spellbound,1945,FALSE,5
Spellbound,1945,TRUE,1
Splendor in the Grass,1961,FALSE,1
Splendor in the Grass,1961,TRUE,1
Stagecoach,1939,FALSE,5
Stagecoach,1939,TRUE,2
Stairway to Light,1945,FALSE,0
Stairway to Light,1945,TRUE,1
Stalag 17,1953,FALSE,2
Stalag 17,1953,TRUE,1
Star in the Night,1945,FALSE,0
Star in the Night,1945,TRUE,1
A Star Is Born,1937,FALSE,6
A Star Is Born,1937,TRUE,1
State Fair,1945,FALSE,1
State Fair,1945,TRUE,1
The Story of Louis Pasteur,1936,FALSE,1
The Story of Louis Pasteur,1936,TRUE,3
The Stratton Story,1949,FALSE,0
The Stratton Story,1949,TRUE,1
Street Angel,1927,FALSE,2
Street Angel,1927,TRUE,1
A Streetcar Named Desire,1951,FALSE,8
A Streetcar Named Desire,1951,TRUE,4
Strike Up the Band,1940,FALSE,2
Strike Up the Band,1940,TRUE,1
The Substitute,1961,FALSE,0
The Substitute,1961,TRUE,1
Sundays and Cybele (Le Dimanches de Ville d'Avray),1962,FALSE,2
Sundays and Cybele (Le Dimanches de Ville d'Avray),1962,TRUE,1
Sunrise,1927,FALSE,1
Sunrise,1927,TRUE,3
Sunset Boulevard,1950,FALSE,8
Sunset Boulevard,1950,TRUE,3
Survival City,1955,FALSE,0
Survival City,1955,TRUE,1
Suspicion,1941,FALSE,2
Suspicion,1941,TRUE,1
Sweet Bird of Youth,1962,FALSE,2
Sweet Bird of Youth,1962,TRUE,1
Sweethearts,1938,FALSE,2
Sweethearts,1938,TRUE,0
Swing Time,1936,FALSE,1
Swing Time,1936,TRUE,1
Symphony of a City,1948,FALSE,0
Symphony of a City,1948,TRUE,1
Tabu,1930,FALSE,0
Tabu,1930,TRUE,1
"Teddy, the Rough Rider",1940,FALSE,0
"Teddy, the Rough Rider",1940,TRUE,1
Tempest,1927,FALSE,0
Tempest,1927,TRUE,1
The Ten Commandments,1956,FALSE,6
The Ten Commandments,1956,TRUE,1
That Hamilton Woman,1941,FALSE,3
That Hamilton Woman,1941,TRUE,1
That Mothers Might Live,1938,FALSE,0
That Mothers Might Live,1938,TRUE,1
The Thief of Bagdad,1940,FALSE,1
The Thief of Bagdad,1940,TRUE,3
The Third Man,1950,FALSE,2
The Third Man,1950,TRUE,1
Thirty Seconds Over Tokyo,1944,FALSE,1
Thirty Seconds Over Tokyo,1944,TRUE,1
This Above All,1942,FALSE,3
This Above All,1942,TRUE,1
This Is the Army,1943,FALSE,2
This Is the Army,1943,TRUE,1
This Land Is Mine,1943,FALSE,0
This Land Is Mine,1943,TRUE,1
This Mechanical Age,1954,FALSE,0
This Mechanical Age,1954,TRUE,1
Three Coins in the Fountain,1954,FALSE,1
Three Coins in the Fountain,1954,TRUE,2
The Three Faces of Eve,1957,FALSE,0
The Three Faces of Eve,1957,TRUE,1
Three Little Pigs,1932,FALSE,0
Three Little Pigs,1932,TRUE,1
Three Orphan Kittens,1935,FALSE,0
Three Orphan Kittens,1935,TRUE,1
Through a Glass Darkly (Såsom i en spegel),1961,FALSE,1
Through a Glass Darkly (Såsom i en spegel),1961,TRUE,1
Thunderball,1965,FALSE,0
Thunderball,1965,TRUE,1
Thursday's Children,1954,FALSE,0
Thursday's Children,1954,TRUE,1
The Time Machine,1960,FALSE,0
The Time Machine,1960,TRUE,1
A Time Out of War,1954,FALSE,0
A Time Out of War,1954,TRUE,1
Tin Pan Alley,1940,FALSE,0
Tin Pan Alley,1940,TRUE,1
The Titan: Story of Michelangelo,1950,FALSE,0
The Titan: Story of Michelangelo,1950,TRUE,1
Titanic,1953,FALSE,1
Titanic,1953,TRUE,1
To Catch a Thief,1955,FALSE,2
To Catch a Thief,1955,TRUE,1
To Each His Own,1946,FALSE,1
To Each His Own,1946,TRUE,1
To Kill a Mockingbird,1962,FALSE,5
To Kill a Mockingbird,1962,TRUE,3
Tom Jones,1963,FALSE,6
Tom Jones,1963,TRUE,4
tom thumb,1958,FALSE,0
tom thumb,1958,TRUE,1
"Toot, Whistle, Plunk and Boom",1953,FALSE,0
"Toot, Whistle, Plunk and Boom",1953,TRUE,1
Topkapi,1964,FALSE,0
Topkapi,1964,TRUE,1
The Tortoise and the Hare,1934,FALSE,0
The Tortoise and the Hare,1934,TRUE,1
Torture Money,1937,FALSE,0
Torture Money,1937,TRUE,1
Toward Independence,1948,FALSE,0
Toward Independence,1948,TRUE,1
Transatlantic,1931,FALSE,0
Transatlantic,1931,TRUE,1
The Treasure of the Sierra Madre,1948,FALSE,1
The Treasure of the Sierra Madre,1948,TRUE,3
A Tree Grows in Brooklyn,1945,FALSE,1
A Tree Grows in Brooklyn,1945,TRUE,1
The True Glory,1945,FALSE,0
The True Glory,1945,TRUE,1
The True Story of the Civil War,1956,FALSE,0
The True Story of the Civil War,1956,TRUE,1
Tweetie Pie,1947,FALSE,0
Tweetie Pie,1947,TRUE,1
Twelve O'Clock High,1949,FALSE,2
Twelve O'Clock High,1949,TRUE,2
Two Arabian Knights,1927,FALSE,0
Two Arabian Knights,1927,TRUE,1
The Two Mouseketeers,1951,FALSE,0
The Two Mouseketeers,1951,TRUE,1
Two Women (La Ciociara),1961,FALSE,0
Two Women (La Ciociara),1961,TRUE,1
The Ugly Duckling,1939,FALSE,0
The Ugly Duckling,1939,TRUE,1
Underworld,1927,FALSE,0
Underworld,1927,TRUE,1
The V.I.P.s,1963,FALSE,0
The V.I.P.s,1963,TRUE,1
Vacation from Marriage (UK title Perfect Strangers),1946,FALSE,0
Vacation from Marriage (UK title Perfect Strangers),1946,TRUE,1
Van Gogh,1949,FALSE,0
Van Gogh,1949,TRUE,1
The Vanishing Prairie,1954,FALSE,0
The Vanishing Prairie,1954,TRUE,1
The Virgin Spring (Jungfrukällan),1960,FALSE,1
The Virgin Spring (Jungfrukällan),1960,TRUE,1
Viva Villa!,1934,FALSE,3
Viva Villa!,1934,TRUE,1
Viva Zapata!,1952,FALSE,4
Viva Zapata!,1952,TRUE,1
Waikiki Wedding,1937,FALSE,1
Waikiki Wedding,1937,TRUE,1
The War of the Worlds,1953,FALSE,2
The War of the Worlds,1953,TRUE,1
Watch on the Rhine,1943,FALSE,3
Watch on the Rhine,1943,TRUE,1
Water Birds,1952,FALSE,0
Water Birds,1952,TRUE,1
The Way of All Flesh,1927,FALSE,0
The Way of All Flesh,1927,TRUE,1
West Side Story,1961,FALSE,1
West Side Story,1961,TRUE,10
The Westerner,1940,FALSE,2
The Westerner,1940,TRUE,1
The Wetback Hound,1957,FALSE,0
The Wetback Hound,1957,TRUE,1
What Ever Happened to Baby Jane?,1962,FALSE,4
What Ever Happened to Baby Jane?,1962,TRUE,1
When Tomorrow Comes,1939,FALSE,0
When Tomorrow Comes,1939,TRUE,1
When Magoo Flew,1954,FALSE,0
When Magoo Flew,1954,TRUE,1
When Worlds Collide,1951,FALSE,1
When Worlds Collide,1951,TRUE,1
White Shadows in the South Seas,1928,FALSE,0
White Shadows in the South Seas,1928,TRUE,1
White Wilderness,1958,FALSE,1
White Wilderness,1958,TRUE,1
Who's Who in Animal Land,1944,FALSE,0
Who's Who in Animal Land,1944,TRUE,1
Why Korea?,1950,FALSE,0
Why Korea?,1950,TRUE,1
Wilson,1944,FALSE,5
Wilson,1944,TRUE,5
Wings,1927,FALSE,0
Wings,1927,TRUE,2
Wings Over Everest,1935,FALSE,0
Wings Over Everest,1935,TRUE,1
With a Song in My Heart,1952,FALSE,4
With a Song in My Heart,1952,TRUE,1
With Byrd at the South Pole,1929,FALSE,0
With Byrd at the South Pole,1929,TRUE,1
With the Marines at Tarawa,1944,FALSE,0
With the Marines at Tarawa,1944,TRUE,1
The Wizard of Oz,1939,FALSE,4
The Wizard of Oz,1939,TRUE,2
Woman of the Year,1942,FALSE,1
Woman of the Year,1942,TRUE,1
Wonder Man,1945,FALSE,3
Wonder Man,1945,TRUE,1
The Wonderful World of the Brothers Grimm,1962,FALSE,3
The Wonderful World of the Brothers Grimm,1962,TRUE,1
World of Kids,1951,FALSE,0
World of Kids,1951,TRUE,1
World Without Sun (Le Monde sans soleil),1964,FALSE,0
World Without Sun (Le Monde sans soleil),1964,TRUE,1
Wrestling Swordfish,1931,FALSE,0
Wrestling Swordfish,1931,TRUE,1
Written on the Wind,1956,FALSE,2
Written on the Wind,1956,TRUE,1
Wuthering Heights,1939,FALSE,7
Wuthering Heights,1939,TRUE,1
Yankee Doodle Dandy,1942,FALSE,5
Yankee Doodle Dandy,1942,TRUE,3
The Yankee Doodle Mouse,1943,FALSE,0
The Yankee Doodle Mouse,1943,TRUE,1
The Yearling,1946,FALSE,5
The Yearling,1946,TRUE,2
"Yesterday, Today and Tomorrow (Ieri, oggi, domani)",1964,FALSE,0
"Yesterday, Today and Tomorrow (Ieri, oggi, domani)",1964,TRUE,1
You Can't Take It with You,1938,FALSE,5
You Can't Take It with You,1938,TRUE,2
Zorba the Greek (Alexis Zorbas),1964,FALSE,4
Zorba the Greek (Alexis Zorbas),1964,TRUE,3
